﻿<?xml version="1.0" encoding="utf-8"?>
<dictionary>
  <item>
    <key>
      <string>firsttime</string>
    </key>
    <value>
      <GameRecord xmlns:xsi="http://www.w3.org/2001/XMLSchema-instance" xmlns:xsd="http://www.w3.org/2001/XMLSchema">
        <RecordID>1</RecordID>
        <Result>Defused</Result>
        <Seed>1489960286</Seed>
        <Components>
          <ComponentTypeEnum>Timer</ComponentTypeEnum>
          <ComponentTypeEnum>BigButton</ComponentTypeEnum>
          <ComponentTypeEnum>Wires</ComponentTypeEnum>
          <ComponentTypeEnum>Keypad</ComponentTypeEnum>
        </Components>
        <MissionID>firsttime</MissionID>
        <ModuleSolveCount>3</ModuleSolveCount>
        <TimeElapsed>106.386</TimeElapsed>
        <LeaderboardRank>0</LeaderboardRank>
        <RealTimeElapsed>114.421265</RealTimeElapsed>
        <Strikes>
          <StrikeSource xsi:nil="true" />
          <StrikeSource xsi:nil="true" />
          <StrikeSource xsi:nil="true" />
        </Strikes>
      </GameRecord>
    </value>
  </item>
  <item>
    <key>
      <string>somethingoldsomethingnew</string>
    </key>
    <value>
      <GameRecord xmlns:xsi="http://www.w3.org/2001/XMLSchema-instance" xmlns:xsd="http://www.w3.org/2001/XMLSchema">
        <RecordID>3</RecordID>
        <Result>Defused</Result>
        <Seed>1002998155</Seed>
        <Components>
          <ComponentTypeEnum>Timer</ComponentTypeEnum>
          <ComponentTypeEnum>BigButton</ComponentTypeEnum>
          <ComponentTypeEnum>Keypad</ComponentTypeEnum>
          <ComponentTypeEnum>Memory</ComponentTypeEnum>
        </Components>
        <MissionID>somethingoldsomethingnew</MissionID>
        <ModuleSolveCount>3</ModuleSolveCount>
        <TimeElapsed>114.182236</TimeElapsed>
        <LeaderboardRank>0</LeaderboardRank>
        <RealTimeElapsed>122.212891</RealTimeElapsed>
        <Strikes>
          <StrikeSource xsi:nil="true" />
          <StrikeSource xsi:nil="true" />
          <StrikeSource xsi:nil="true" />
        </Strikes>
      </GameRecord>
    </value>
  </item>
  <item>
    <key>
      <string>doubleyourmoney</string>
    </key>
    <value>
      <GameRecord xmlns:xsi="http://www.w3.org/2001/XMLSchema-instance" xmlns:xsd="http://www.w3.org/2001/XMLSchema">
        <RecordID>4</RecordID>
        <Result>Defused</Result>
        <Seed>1867726440</Seed>
        <Components>
          <ComponentTypeEnum>Timer</ComponentTypeEnum>
          <ComponentTypeEnum>BigButton</ComponentTypeEnum>
          <ComponentTypeEnum>BigButton</ComponentTypeEnum>
          <ComponentTypeEnum>Wires</ComponentTypeEnum>
          <ComponentTypeEnum>Wires</ComponentTypeEnum>
          <ComponentTypeEnum>Keypad</ComponentTypeEnum>
          <ComponentTypeEnum>Keypad</ComponentTypeEnum>
        </Components>
        <MissionID>doubleyourmoney</MissionID>
        <ModuleSolveCount>6</ModuleSolveCount>
        <TimeElapsed>154.5122</TimeElapsed>
        <LeaderboardRank>0</LeaderboardRank>
        <RealTimeElapsed>161.587891</RealTimeElapsed>
        <Strikes>
          <StrikeSource>
            <ComponentType>Keypad</ComponentType>
            <InteractionType>PushButton</InteractionType>
            <Time>149.699936</Time>
          </StrikeSource>
          <StrikeSource xsi:nil="true" />
          <StrikeSource xsi:nil="true" />
        </Strikes>
      </GameRecord>
    </value>
  </item>
  <item>
    <key>
      <string>onestepup</string>
    </key>
    <value>
      <GameRecord xmlns:xsi="http://www.w3.org/2001/XMLSchema-instance" xmlns:xsd="http://www.w3.org/2001/XMLSchema">
        <RecordID>5</RecordID>
        <Result>Defused</Result>
        <Seed>361880617</Seed>
        <Components>
          <ComponentTypeEnum>Timer</ComponentTypeEnum>
          <ComponentTypeEnum>BigButton</ComponentTypeEnum>
          <ComponentTypeEnum>Keypad</ComponentTypeEnum>
          <ComponentTypeEnum>WhosOnFirst</ComponentTypeEnum>
          <ComponentTypeEnum>Simon</ComponentTypeEnum>
        </Components>
        <MissionID>onestepup</MissionID>
        <ModuleSolveCount>4</ModuleSolveCount>
        <TimeElapsed>129.082458</TimeElapsed>
        <LeaderboardRank>0</LeaderboardRank>
        <RealTimeElapsed>137.110962</RealTimeElapsed>
        <Strikes>
          <StrikeSource xsi:nil="true" />
          <StrikeSource xsi:nil="true" />
          <StrikeSource xsi:nil="true" />
        </Strikes>
      </GameRecord>
    </value>
  </item>
  <item>
    <key>
      <string>pickupthepace</string>
    </key>
    <value>
      <GameRecord xmlns:xsi="http://www.w3.org/2001/XMLSchema-instance" xmlns:xsd="http://www.w3.org/2001/XMLSchema">
        <RecordID>6</RecordID>
        <Result>Defused</Result>
        <Seed>1504070581</Seed>
        <Components>
          <ComponentTypeEnum>Timer</ComponentTypeEnum>
          <ComponentTypeEnum>Wires</ComponentTypeEnum>
          <ComponentTypeEnum>Simon</ComponentTypeEnum>
          <ComponentTypeEnum>Maze</ComponentTypeEnum>
        </Components>
        <MissionID>pickupthepace</MissionID>
        <ModuleSolveCount>3</ModuleSolveCount>
        <TimeElapsed>120.6319</TimeElapsed>
        <LeaderboardRank>0</LeaderboardRank>
        <RealTimeElapsed>128.663208</RealTimeElapsed>
        <Strikes>
          <StrikeSource xsi:nil="true" />
          <StrikeSource xsi:nil="true" />
          <StrikeSource xsi:nil="true" />
        </Strikes>
      </GameRecord>
    </value>
  </item>
  <item>
    <key>
      <string>ahiddenmessage</string>
    </key>
    <value>
      <GameRecord xmlns:xsi="http://www.w3.org/2001/XMLSchema-instance" xmlns:xsd="http://www.w3.org/2001/XMLSchema">
        <RecordID>8</RecordID>
        <Result>Defused</Result>
        <Seed>1395066148</Seed>
        <Components>
          <ComponentTypeEnum>Timer</ComponentTypeEnum>
          <ComponentTypeEnum>WhosOnFirst</ComponentTypeEnum>
          <ComponentTypeEnum>Wires</ComponentTypeEnum>
          <ComponentTypeEnum>Morse</ComponentTypeEnum>
        </Components>
        <MissionID>ahiddenmessage</MissionID>
        <ModuleSolveCount>3</ModuleSolveCount>
        <TimeElapsed>229.5988</TimeElapsed>
        <LeaderboardRank>0</LeaderboardRank>
        <RealTimeElapsed>237.625</RealTimeElapsed>
        <Strikes>
          <StrikeSource xsi:nil="true" />
          <StrikeSource xsi:nil="true" />
          <StrikeSource xsi:nil="true" />
        </Strikes>
      </GameRecord>
    </value>
  </item>
  <item>
    <key>
      <string>somethingsdifferent</string>
    </key>
    <value>
      <GameRecord xmlns:xsi="http://www.w3.org/2001/XMLSchema-instance" xmlns:xsd="http://www.w3.org/2001/XMLSchema">
        <RecordID>13</RecordID>
        <Result>Defused</Result>
        <Seed>1569099898</Seed>
        <Components>
          <ComponentTypeEnum>Timer</ComponentTypeEnum>
          <ComponentTypeEnum>Wires</ComponentTypeEnum>
          <ComponentTypeEnum>Venn</ComponentTypeEnum>
          <ComponentTypeEnum>Memory</ComponentTypeEnum>
        </Components>
        <MissionID>somethingsdifferent</MissionID>
        <ModuleSolveCount>3</ModuleSolveCount>
        <TimeElapsed>132.517975</TimeElapsed>
        <LeaderboardRank>0</LeaderboardRank>
        <RealTimeElapsed>140.5542</RealTimeElapsed>
        <Strikes>
          <StrikeSource xsi:nil="true" />
          <StrikeSource xsi:nil="true" />
          <StrikeSource xsi:nil="true" />
        </Strikes>
      </GameRecord>
    </value>
  </item>
  <item>
    <key>
      <string>giantleap</string>
    </key>
    <value>
      <GameRecord xmlns:xsi="http://www.w3.org/2001/XMLSchema-instance" xmlns:xsd="http://www.w3.org/2001/XMLSchema">
        <RecordID>17</RecordID>
        <Result>Defused</Result>
        <Seed>49997501</Seed>
        <Components>
          <ComponentTypeEnum>Timer</ComponentTypeEnum>
          <ComponentTypeEnum>WhosOnFirst</ComponentTypeEnum>
          <ComponentTypeEnum>Venn</ComponentTypeEnum>
          <ComponentTypeEnum>Password</ComponentTypeEnum>
          <ComponentTypeEnum>Keypad</ComponentTypeEnum>
        </Components>
        <MissionID>giantleap</MissionID>
        <ModuleSolveCount>4</ModuleSolveCount>
        <TimeElapsed>262.7437</TimeElapsed>
        <LeaderboardRank>0</LeaderboardRank>
        <RealTimeElapsed>225.72168</RealTimeElapsed>
        <Strikes>
          <StrikeSource>
            <ComponentType>WhosOnFirst</ComponentType>
            <InteractionType>PushButton</InteractionType>
            <Time>37.4498</Time>
          </StrikeSource>
          <StrikeSource xsi:nil="true" />
          <StrikeSource xsi:nil="true" />
        </Strikes>
      </GameRecord>
    </value>
  </item>
</dictionary>