﻿<?xml version="1.0" encoding="utf-8"?>
<ArrayOfGameRecord xmlns:xsi="http://www.w3.org/2001/XMLSchema-instance" xmlns:xsd="http://www.w3.org/2001/XMLSchema">
  <GameRecord>
    <RecordID>17</RecordID>
    <Result>Defused</Result>
    <Seed>49997501</Seed>
    <Components>
      <ComponentTypeEnum>Timer</ComponentTypeEnum>
      <ComponentTypeEnum>WhosOnFirst</ComponentTypeEnum>
      <ComponentTypeEnum>Venn</ComponentTypeEnum>
      <ComponentTypeEnum>Password</ComponentTypeEnum>
      <ComponentTypeEnum>Keypad</ComponentTypeEnum>
    </Components>
    <MissionID>giantleap</MissionID>
    <ModuleSolveCount>4</ModuleSolveCount>
    <TimeElapsed>262.7437</TimeElapsed>
    <LeaderboardRank>0</LeaderboardRank>
    <RealTimeElapsed>225.72168</RealTimeElapsed>
    <Strikes>
      <StrikeSource>
        <ComponentType>WhosOnFirst</ComponentType>
        <InteractionType>PushButton</InteractionType>
        <Time>37.4498</Time>
      </StrikeSource>
      <StrikeSource xsi:nil="true" />
      <StrikeSource xsi:nil="true" />
    </Strikes>
  </GameRecord>
  <GameRecord>
    <RecordID>16</RecordID>
    <Result>ExplodedDueToStrikes</Result>
    <Seed>435995935</Seed>
    <Components>
      <ComponentTypeEnum>Timer</ComponentTypeEnum>
      <ComponentTypeEnum>BigButton</ComponentTypeEnum>
      <ComponentTypeEnum>Maze</ComponentTypeEnum>
      <ComponentTypeEnum>Morse</ComponentTypeEnum>
      <ComponentTypeEnum>Venn</ComponentTypeEnum>
    </Components>
    <MissionID>giantleap</MissionID>
    <ModuleSolveCount>3</ModuleSolveCount>
    <TimeElapsed>279.713043</TimeElapsed>
    <LeaderboardRank>0</LeaderboardRank>
    <RealTimeElapsed>272.461426</RealTimeElapsed>
    <Strikes>
      <StrikeSource>
        <ComponentType>Venn</ComponentType>
        <InteractionType>CutWire</InteractionType>
        <Time>213.814514</Time>
      </StrikeSource>
      <StrikeSource>
        <ComponentType>Venn</ComponentType>
        <InteractionType>CutWire</InteractionType>
        <Time>263.960144</Time>
      </StrikeSource>
      <StrikeSource>
        <ComponentType>Morse</ComponentType>
        <InteractionType>PushButton</InteractionType>
        <Time>279.713043</Time>
      </StrikeSource>
    </Strikes>
  </GameRecord>
  <GameRecord>
    <RecordID>15</RecordID>
    <Result>ExplodedDueToStrikes</Result>
    <Seed>1140896537</Seed>
    <Components>
      <ComponentTypeEnum>Timer</ComponentTypeEnum>
      <ComponentTypeEnum>BigButton</ComponentTypeEnum>
      <ComponentTypeEnum>Memory</ComponentTypeEnum>
      <ComponentTypeEnum>Venn</ComponentTypeEnum>
      <ComponentTypeEnum>Password</ComponentTypeEnum>
    </Components>
    <MissionID>giantleap</MissionID>
    <ModuleSolveCount>3</ModuleSolveCount>
    <TimeElapsed>297.158783</TimeElapsed>
    <LeaderboardRank>0</LeaderboardRank>
    <RealTimeElapsed>276.125244</RealTimeElapsed>
    <Strikes>
      <StrikeSource>
        <ComponentType>Venn</ComponentType>
        <InteractionType>CutWire</InteractionType>
        <Time>154.652573</Time>
      </StrikeSource>
      <StrikeSource>
        <ComponentType>Password</ComponentType>
        <InteractionType>PushButton</InteractionType>
        <Time>292.8589</Time>
      </StrikeSource>
      <StrikeSource>
        <ComponentType>Password</ComponentType>
        <InteractionType>PushButton</InteractionType>
        <Time>297.158783</Time>
      </StrikeSource>
    </Strikes>
  </GameRecord>
  <GameRecord>
    <RecordID>14</RecordID>
    <Result>ExplodedDueToStrikes</Result>
    <Seed>1504696083</Seed>
    <Components>
      <ComponentTypeEnum>Timer</ComponentTypeEnum>
      <ComponentTypeEnum>BigButton</ComponentTypeEnum>
      <ComponentTypeEnum>Maze</ComponentTypeEnum>
      <ComponentTypeEnum>WireSequence</ComponentTypeEnum>
      <ComponentTypeEnum>Venn</ComponentTypeEnum>
    </Components>
    <MissionID>giantleap</MissionID>
    <ModuleSolveCount>3</ModuleSolveCount>
    <TimeElapsed>295.230042</TimeElapsed>
    <LeaderboardRank>0</LeaderboardRank>
    <RealTimeElapsed>299.044678</RealTimeElapsed>
    <Strikes>
      <StrikeSource>
        <ComponentType>WireSequence</ComponentType>
        <InteractionType>CutWire</InteractionType>
        <Time>282.217468</Time>
      </StrikeSource>
      <StrikeSource>
        <ComponentType>WireSequence</ComponentType>
        <InteractionType>CutWire</InteractionType>
        <Time>283.029236</Time>
      </StrikeSource>
      <StrikeSource>
        <ComponentType>WireSequence</ComponentType>
        <InteractionType>CutWire</InteractionType>
        <Time>295.230042</Time>
      </StrikeSource>
    </Strikes>
  </GameRecord>
  <GameRecord>
    <RecordID>13</RecordID>
    <Result>Defused</Result>
    <Seed>1569099898</Seed>
    <Components>
      <ComponentTypeEnum>Timer</ComponentTypeEnum>
      <ComponentTypeEnum>Wires</ComponentTypeEnum>
      <ComponentTypeEnum>Venn</ComponentTypeEnum>
      <ComponentTypeEnum>Memory</ComponentTypeEnum>
    </Components>
    <MissionID>somethingsdifferent</MissionID>
    <ModuleSolveCount>3</ModuleSolveCount>
    <TimeElapsed>132.517975</TimeElapsed>
    <LeaderboardRank>0</LeaderboardRank>
    <RealTimeElapsed>140.5542</RealTimeElapsed>
    <Strikes>
      <StrikeSource xsi:nil="true" />
      <StrikeSource xsi:nil="true" />
      <StrikeSource xsi:nil="true" />
    </Strikes>
  </GameRecord>
  <GameRecord>
    <RecordID>12</RecordID>
    <Result>Incomplete</Result>
    <Seed>2008413045</Seed>
    <Components>
      <ComponentTypeEnum>Timer</ComponentTypeEnum>
      <ComponentTypeEnum>Wires</ComponentTypeEnum>
      <ComponentTypeEnum>Venn</ComponentTypeEnum>
      <ComponentTypeEnum>Simon</ComponentTypeEnum>
    </Components>
    <MissionID>somethingsdifferent</MissionID>
    <ModuleSolveCount>0</ModuleSolveCount>
    <TimeElapsed>0</TimeElapsed>
    <LeaderboardRank>0</LeaderboardRank>
    <RealTimeElapsed>0</RealTimeElapsed>
    <Strikes>
      <StrikeSource xsi:nil="true" />
      <StrikeSource xsi:nil="true" />
      <StrikeSource xsi:nil="true" />
    </Strikes>
  </GameRecord>
  <GameRecord>
    <RecordID>11</RecordID>
    <Result>ExplodedDueToStrikes</Result>
    <Seed>1223437533</Seed>
    <Components>
      <ComponentTypeEnum>Timer</ComponentTypeEnum>
      <ComponentTypeEnum>Wires</ComponentTypeEnum>
      <ComponentTypeEnum>Venn</ComponentTypeEnum>
      <ComponentTypeEnum>Memory</ComponentTypeEnum>
    </Components>
    <MissionID>somethingsdifferent</MissionID>
    <ModuleSolveCount>2</ModuleSolveCount>
    <TimeElapsed>281.8328</TimeElapsed>
    <LeaderboardRank>0</LeaderboardRank>
    <RealTimeElapsed>281.577637</RealTimeElapsed>
    <Strikes>
      <StrikeSource>
        <ComponentType>Memory</ComponentType>
        <InteractionType>PushButton</InteractionType>
        <Time>254.616516</Time>
      </StrikeSource>
      <StrikeSource>
        <ComponentType>Memory</ComponentType>
        <InteractionType>PushButton</InteractionType>
        <Time>260.531647</Time>
      </StrikeSource>
      <StrikeSource>
        <ComponentType>Memory</ComponentType>
        <InteractionType>PushButton</InteractionType>
        <Time>281.8328</Time>
      </StrikeSource>
    </Strikes>
  </GameRecord>
  <GameRecord>
    <RecordID>10</RecordID>
    <Result>ExplodedDueToStrikes</Result>
    <Seed>1610928226</Seed>
    <Components>
      <ComponentTypeEnum>Timer</ComponentTypeEnum>
      <ComponentTypeEnum>Wires</ComponentTypeEnum>
      <ComponentTypeEnum>Venn</ComponentTypeEnum>
      <ComponentTypeEnum>Memory</ComponentTypeEnum>
    </Components>
    <MissionID>somethingsdifferent</MissionID>
    <ModuleSolveCount>1</ModuleSolveCount>
    <TimeElapsed>271.8133</TimeElapsed>
    <LeaderboardRank>0</LeaderboardRank>
    <RealTimeElapsed>277.14917</RealTimeElapsed>
    <Strikes>
      <StrikeSource>
        <ComponentType>Memory</ComponentType>
        <InteractionType>PushButton</InteractionType>
        <Time>258.748779</Time>
      </StrikeSource>
      <StrikeSource>
        <ComponentType>Wires</ComponentType>
        <InteractionType>CutWire</InteractionType>
        <Time>271.062</Time>
      </StrikeSource>
      <StrikeSource>
        <ComponentType>Wires</ComponentType>
        <InteractionType>CutWire</InteractionType>
        <Time>271.8133</Time>
      </StrikeSource>
    </Strikes>
  </GameRecord>
  <GameRecord>
    <RecordID>9</RecordID>
    <Result>ExplodedDueToStrikes</Result>
    <Seed>86808082</Seed>
    <Components>
      <ComponentTypeEnum>Timer</ComponentTypeEnum>
      <ComponentTypeEnum>Wires</ComponentTypeEnum>
      <ComponentTypeEnum>WireSequence</ComponentTypeEnum>
      <ComponentTypeEnum>Simon</ComponentTypeEnum>
    </Components>
    <MissionID>somethingsdifferent</MissionID>
    <ModuleSolveCount>2</ModuleSolveCount>
    <TimeElapsed>211.8472</TimeElapsed>
    <LeaderboardRank>0</LeaderboardRank>
    <RealTimeElapsed>197.072266</RealTimeElapsed>
    <Strikes>
      <StrikeSource>
        <ComponentType>WireSequence</ComponentType>
        <InteractionType>CutWire</InteractionType>
        <Time>136.115814</Time>
      </StrikeSource>
      <StrikeSource>
        <ComponentType>WireSequence</ComponentType>
        <InteractionType>CutWire</InteractionType>
        <Time>154.471481</Time>
      </StrikeSource>
      <StrikeSource>
        <ComponentType>WireSequence</ComponentType>
        <InteractionType>PushButton</InteractionType>
        <Time>211.8472</Time>
      </StrikeSource>
    </Strikes>
  </GameRecord>
  <GameRecord>
    <RecordID>8</RecordID>
    <Result>Defused</Result>
    <Seed>1395066148</Seed>
    <Components>
      <ComponentTypeEnum>Timer</ComponentTypeEnum>
      <ComponentTypeEnum>WhosOnFirst</ComponentTypeEnum>
      <ComponentTypeEnum>Wires</ComponentTypeEnum>
      <ComponentTypeEnum>Morse</ComponentTypeEnum>
    </Components>
    <MissionID>ahiddenmessage</MissionID>
    <ModuleSolveCount>3</ModuleSolveCount>
    <TimeElapsed>229.5988</TimeElapsed>
    <LeaderboardRank>0</LeaderboardRank>
    <RealTimeElapsed>237.625</RealTimeElapsed>
    <Strikes>
      <StrikeSource xsi:nil="true" />
      <StrikeSource xsi:nil="true" />
      <StrikeSource xsi:nil="true" />
    </Strikes>
  </GameRecord>
  <GameRecord>
    <RecordID>7</RecordID>
    <Result>Incomplete</Result>
    <Seed>1358305278</Seed>
    <Components>
      <ComponentTypeEnum>Timer</ComponentTypeEnum>
      <ComponentTypeEnum>Simon</ComponentTypeEnum>
      <ComponentTypeEnum>Wires</ComponentTypeEnum>
      <ComponentTypeEnum>Morse</ComponentTypeEnum>
    </Components>
    <MissionID>ahiddenmessage</MissionID>
    <ModuleSolveCount>2</ModuleSolveCount>
    <TimeElapsed>0</TimeElapsed>
    <LeaderboardRank>0</LeaderboardRank>
    <RealTimeElapsed>0</RealTimeElapsed>
    <Strikes>
      <StrikeSource xsi:nil="true" />
      <StrikeSource xsi:nil="true" />
      <StrikeSource xsi:nil="true" />
    </Strikes>
  </GameRecord>
  <GameRecord>
    <RecordID>6</RecordID>
    <Result>Defused</Result>
    <Seed>1504070581</Seed>
    <Components>
      <ComponentTypeEnum>Timer</ComponentTypeEnum>
      <ComponentTypeEnum>Wires</ComponentTypeEnum>
      <ComponentTypeEnum>Simon</ComponentTypeEnum>
      <ComponentTypeEnum>Maze</ComponentTypeEnum>
    </Components>
    <MissionID>pickupthepace</MissionID>
    <ModuleSolveCount>3</ModuleSolveCount>
    <TimeElapsed>120.6319</TimeElapsed>
    <LeaderboardRank>0</LeaderboardRank>
    <RealTimeElapsed>128.663208</RealTimeElapsed>
    <Strikes>
      <StrikeSource xsi:nil="true" />
      <StrikeSource xsi:nil="true" />
      <StrikeSource xsi:nil="true" />
    </Strikes>
  </GameRecord>
  <GameRecord>
    <RecordID>5</RecordID>
    <Result>Defused</Result>
    <Seed>361880617</Seed>
    <Components>
      <ComponentTypeEnum>Timer</ComponentTypeEnum>
      <ComponentTypeEnum>BigButton</ComponentTypeEnum>
      <ComponentTypeEnum>Keypad</ComponentTypeEnum>
      <ComponentTypeEnum>WhosOnFirst</ComponentTypeEnum>
      <ComponentTypeEnum>Simon</ComponentTypeEnum>
    </Components>
    <MissionID>onestepup</MissionID>
    <ModuleSolveCount>4</ModuleSolveCount>
    <TimeElapsed>129.082458</TimeElapsed>
    <LeaderboardRank>0</LeaderboardRank>
    <RealTimeElapsed>137.110962</RealTimeElapsed>
    <Strikes>
      <StrikeSource xsi:nil="true" />
      <StrikeSource xsi:nil="true" />
      <StrikeSource xsi:nil="true" />
    </Strikes>
  </GameRecord>
  <GameRecord>
    <RecordID>4</RecordID>
    <Result>Defused</Result>
    <Seed>1867726440</Seed>
    <Components>
      <ComponentTypeEnum>Timer</ComponentTypeEnum>
      <ComponentTypeEnum>BigButton</ComponentTypeEnum>
      <ComponentTypeEnum>BigButton</ComponentTypeEnum>
      <ComponentTypeEnum>Wires</ComponentTypeEnum>
      <ComponentTypeEnum>Wires</ComponentTypeEnum>
      <ComponentTypeEnum>Keypad</ComponentTypeEnum>
      <ComponentTypeEnum>Keypad</ComponentTypeEnum>
    </Components>
    <MissionID>doubleyourmoney</MissionID>
    <ModuleSolveCount>6</ModuleSolveCount>
    <TimeElapsed>154.5122</TimeElapsed>
    <LeaderboardRank>0</LeaderboardRank>
    <RealTimeElapsed>161.587891</RealTimeElapsed>
    <Strikes>
      <StrikeSource>
        <ComponentType>Keypad</ComponentType>
        <InteractionType>PushButton</InteractionType>
        <Time>149.699936</Time>
      </StrikeSource>
      <StrikeSource xsi:nil="true" />
      <StrikeSource xsi:nil="true" />
    </Strikes>
  </GameRecord>
  <GameRecord>
    <RecordID>3</RecordID>
    <Result>Defused</Result>
    <Seed>1002998155</Seed>
    <Components>
      <ComponentTypeEnum>Timer</ComponentTypeEnum>
      <ComponentTypeEnum>BigButton</ComponentTypeEnum>
      <ComponentTypeEnum>Keypad</ComponentTypeEnum>
      <ComponentTypeEnum>Memory</ComponentTypeEnum>
    </Components>
    <MissionID>somethingoldsomethingnew</MissionID>
    <ModuleSolveCount>3</ModuleSolveCount>
    <TimeElapsed>114.182236</TimeElapsed>
    <LeaderboardRank>0</LeaderboardRank>
    <RealTimeElapsed>122.212891</RealTimeElapsed>
    <Strikes>
      <StrikeSource xsi:nil="true" />
      <StrikeSource xsi:nil="true" />
      <StrikeSource xsi:nil="true" />
    </Strikes>
  </GameRecord>
  <GameRecord>
    <RecordID>2</RecordID>
    <Result>ExplodedDueToTime</Result>
    <Seed>543685516</Seed>
    <Components>
      <ComponentTypeEnum>Timer</ComponentTypeEnum>
      <ComponentTypeEnum>BigButton</ComponentTypeEnum>
      <ComponentTypeEnum>Keypad</ComponentTypeEnum>
      <ComponentTypeEnum>Maze</ComponentTypeEnum>
    </Components>
    <MissionID>somethingoldsomethingnew</MissionID>
    <ModuleSolveCount>1</ModuleSolveCount>
    <TimeElapsed>300.016754</TimeElapsed>
    <LeaderboardRank>0</LeaderboardRank>
    <RealTimeElapsed>308.0223</RealTimeElapsed>
    <Strikes>
      <StrikeSource xsi:nil="true" />
      <StrikeSource xsi:nil="true" />
      <StrikeSource xsi:nil="true" />
    </Strikes>
  </GameRecord>
  <GameRecord>
    <RecordID>1</RecordID>
    <Result>Defused</Result>
    <Seed>1489960286</Seed>
    <Components>
      <ComponentTypeEnum>Timer</ComponentTypeEnum>
      <ComponentTypeEnum>BigButton</ComponentTypeEnum>
      <ComponentTypeEnum>Wires</ComponentTypeEnum>
      <ComponentTypeEnum>Keypad</ComponentTypeEnum>
    </Components>
    <MissionID>firsttime</MissionID>
    <ModuleSolveCount>3</ModuleSolveCount>
    <TimeElapsed>106.386</TimeElapsed>
    <LeaderboardRank>0</LeaderboardRank>
    <RealTimeElapsed>114.421265</RealTimeElapsed>
    <Strikes>
      <StrikeSource xsi:nil="true" />
      <StrikeSource xsi:nil="true" />
      <StrikeSource xsi:nil="true" />
    </Strikes>
  </GameRecord>
</ArrayOfGameRecord>