﻿<?xml version="1.0" encoding="utf-8"?>
<dictionary>
  <item>
    <key>
      <string>firsttime</string>
    </key>
    <value>
      <GameRecord xmlns:xsi="http://www.w3.org/2001/XMLSchema-instance" xmlns:xsd="http://www.w3.org/2001/XMLSchema">
        <RecordID>1</RecordID>
        <Result>Defused</Result>
        <Seed>1489960286</Seed>
        <Components>
          <ComponentTypeEnum>Timer</ComponentTypeEnum>
          <ComponentTypeEnum>BigButton</ComponentTypeEnum>
          <ComponentTypeEnum>Wires</ComponentTypeEnum>
          <ComponentTypeEnum>Keypad</ComponentTypeEnum>
        </Components>
        <MissionID>firsttime</MissionID>
        <ModuleSolveCount>3</ModuleSolveCount>
        <TimeElapsed>106.386</TimeElapsed>
        <LeaderboardRank>0</LeaderboardRank>
        <RealTimeElapsed>114.421265</RealTimeElapsed>
        <Strikes>
          <StrikeSource xsi:nil="true" />
          <StrikeSource xsi:nil="true" />
          <StrikeSource xsi:nil="true" />
        </Strikes>
      </GameRecord>
    </value>
  </item>
  <item>
    <key>
      <string>somethingoldsomethingnew</string>
    </key>
    <value>
      <GameRecord xmlns:xsi="http://www.w3.org/2001/XMLSchema-instance" xmlns:xsd="http://www.w3.org/2001/XMLSchema">
        <RecordID>3</RecordID>
        <Result>Defused</Result>
        <Seed>1002998155</Seed>
        <Components>
          <ComponentTypeEnum>Timer</ComponentTypeEnum>
          <ComponentTypeEnum>BigButton</ComponentTypeEnum>
          <ComponentTypeEnum>Keypad</ComponentTypeEnum>
          <ComponentTypeEnum>Memory</ComponentTypeEnum>
        </Components>
        <MissionID>somethingoldsomethingnew</MissionID>
        <ModuleSolveCount>3</ModuleSolveCount>
        <TimeElapsed>114.182236</TimeElapsed>
        <LeaderboardRank>0</LeaderboardRank>
        <RealTimeElapsed>122.212891</RealTimeElapsed>
        <Strikes>
          <StrikeSource xsi:nil="true" />
          <StrikeSource xsi:nil="true" />
          <StrikeSource xsi:nil="true" />
        </Strikes>
      </GameRecord>
    </value>
  </item>
  <item>
    <key>
      <string>doubleyourmoney</string>
    </key>
    <value>
      <GameRecord xmlns:xsi="http://www.w3.org/2001/XMLSchema-instance" xmlns:xsd="http://www.w3.org/2001/XMLSchema">
        <RecordID>4</RecordID>
        <Result>Defused</Result>
        <Seed>1867726440</Seed>
        <Components>
          <ComponentTypeEnum>Timer</ComponentTypeEnum>
          <ComponentTypeEnum>BigButton</ComponentTypeEnum>
          <ComponentTypeEnum>BigButton</ComponentTypeEnum>
          <ComponentTypeEnum>Wires</ComponentTypeEnum>
          <ComponentTypeEnum>Wires</ComponentTypeEnum>
          <ComponentTypeEnum>Keypad</ComponentTypeEnum>
          <ComponentTypeEnum>Keypad</ComponentTypeEnum>
        </Components>
        <MissionID>doubleyourmoney</MissionID>
        <ModuleSolveCount>6</ModuleSolveCount>
        <TimeElapsed>154.5122</TimeElapsed>
        <LeaderboardRank>0</LeaderboardRank>
        <RealTimeElapsed>161.587891</RealTimeElapsed>
        <Strikes>
          <StrikeSource>
            <ComponentType>Keypad</ComponentType>
            <InteractionType>PushButton</InteractionType>
            <Time>149.699936</Time>
          </StrikeSource>
          <StrikeSource xsi:nil="true" />
          <StrikeSource xsi:nil="true" />
        </Strikes>
      </GameRecord>
    </value>
  </item>
  <item>
    <key>
      <string>onestepup</string>
    </key>
    <value>
      <GameRecord xmlns:xsi="http://www.w3.org/2001/XMLSchema-instance" xmlns:xsd="http://www.w3.org/2001/XMLSchema">
        <RecordID>5</RecordID>
        <Result>Defused</Result>
        <Seed>361880617</Seed>
        <Components>
          <ComponentTypeEnum>Timer</ComponentTypeEnum>
          <ComponentTypeEnum>BigButton</ComponentTypeEnum>
          <ComponentTypeEnum>Keypad</ComponentTypeEnum>
          <ComponentTypeEnum>WhosOnFirst</ComponentTypeEnum>
          <ComponentTypeEnum>Simon</ComponentTypeEnum>
        </Components>
        <MissionID>onestepup</MissionID>
        <ModuleSolveCount>4</ModuleSolveCount>
        <TimeElapsed>129.082458</TimeElapsed>
        <LeaderboardRank>0</LeaderboardRank>
        <RealTimeElapsed>137.110962</RealTimeElapsed>
        <Strikes>
          <StrikeSource xsi:nil="true" />
          <StrikeSource xsi:nil="true" />
          <StrikeSource xsi:nil="true" />
        </Strikes>
      </GameRecord>
    </value>
  </item>
  <item>
    <key>
      <string>pickupthepace</string>
    </key>
    <value>
      <GameRecord xmlns:xsi="http://www.w3.org/2001/XMLSchema-instance" xmlns:xsd="http://www.w3.org/2001/XMLSchema">
        <RecordID>6</RecordID>
        <Result>Defused</Result>
        <Seed>1504070581</Seed>
        <Components>
          <ComponentTypeEnum>Timer</ComponentTypeEnum>
          <ComponentTypeEnum>Wires</ComponentTypeEnum>
          <ComponentTypeEnum>Simon</ComponentTypeEnum>
          <ComponentTypeEnum>Maze</ComponentTypeEnum>
        </Components>
        <MissionID>pickupthepace</MissionID>
        <ModuleSolveCount>3</ModuleSolveCount>
        <TimeElapsed>120.6319</TimeElapsed>
        <LeaderboardRank>0</LeaderboardRank>
        <RealTimeElapsed>128.663208</RealTimeElapsed>
        <Strikes>
          <StrikeSource xsi:nil="true" />
          <StrikeSource xsi:nil="true" />
          <StrikeSource xsi:nil="true" />
        </Strikes>
      </GameRecord>
    </value>
  </item>
  <item>
    <key>
      <string>ahiddenmessage</string>
    </key>
    <value>
      <GameRecord xmlns:xsi="http://www.w3.org/2001/XMLSchema-instance" xmlns:xsd="http://www.w3.org/2001/XMLSchema">
        <RecordID>8</RecordID>
        <Result>Defused</Result>
        <Seed>1395066148</Seed>
        <Components>
          <ComponentTypeEnum>Timer</ComponentTypeEnum>
          <ComponentTypeEnum>WhosOnFirst</ComponentTypeEnum>
          <ComponentTypeEnum>Wires</ComponentTypeEnum>
          <ComponentTypeEnum>Morse</ComponentTypeEnum>
        </Components>
        <MissionID>ahiddenmessage</MissionID>
        <ModuleSolveCount>3</ModuleSolveCount>
        <TimeElapsed>229.5988</TimeElapsed>
        <LeaderboardRank>0</LeaderboardRank>
        <RealTimeElapsed>237.625</RealTimeElapsed>
        <Strikes>
          <StrikeSource xsi:nil="true" />
          <StrikeSource xsi:nil="true" />
          <StrikeSource xsi:nil="true" />
        </Strikes>
      </GameRecord>
    </value>
  </item>
  <item>
    <key>
      <string>somethingsdifferent</string>
    </key>
    <value>
      <GameRecord xmlns:xsi="http://www.w3.org/2001/XMLSchema-instance" xmlns:xsd="http://www.w3.org/2001/XMLSchema">
        <RecordID>13</RecordID>
        <Result>Defused</Result>
        <Seed>1569099898</Seed>
        <Components>
          <ComponentTypeEnum>Timer</ComponentTypeEnum>
          <ComponentTypeEnum>Wires</ComponentTypeEnum>
          <ComponentTypeEnum>Venn</ComponentTypeEnum>
          <ComponentTypeEnum>Memory</ComponentTypeEnum>
        </Components>
        <MissionID>somethingsdifferent</MissionID>
        <ModuleSolveCount>3</ModuleSolveCount>
        <TimeElapsed>132.517975</TimeElapsed>
        <LeaderboardRank>0</LeaderboardRank>
        <RealTimeElapsed>140.5542</RealTimeElapsed>
        <Strikes>
          <StrikeSource xsi:nil="true" />
          <StrikeSource xsi:nil="true" />
          <StrikeSource xsi:nil="true" />
        </Strikes>
      </GameRecord>
    </value>
  </item>
  <item>
    <key>
      <string>giantleap</string>
    </key>
    <value>
      <GameRecord xmlns:xsi="http://www.w3.org/2001/XMLSchema-instance" xmlns:xsd="http://www.w3.org/2001/XMLSchema">
        <RecordID>17</RecordID>
        <Result>Defused</Result>
        <Seed>49997501</Seed>
        <Components>
          <ComponentTypeEnum>Timer</ComponentTypeEnum>
          <ComponentTypeEnum>WhosOnFirst</ComponentTypeEnum>
          <ComponentTypeEnum>Venn</ComponentTypeEnum>
          <ComponentTypeEnum>Password</ComponentTypeEnum>
          <ComponentTypeEnum>Keypad</ComponentTypeEnum>
        </Components>
        <MissionID>giantleap</MissionID>
        <ModuleSolveCount>4</ModuleSolveCount>
        <TimeElapsed>262.7437</TimeElapsed>
        <LeaderboardRank>0</LeaderboardRank>
        <RealTimeElapsed>225.72168</RealTimeElapsed>
        <Strikes>
          <StrikeSource>
            <ComponentType>WhosOnFirst</ComponentType>
            <InteractionType>PushButton</InteractionType>
            <Time>37.4498</Time>
          </StrikeSource>
          <StrikeSource xsi:nil="true" />
          <StrikeSource xsi:nil="true" />
        </Strikes>
      </GameRecord>
    </value>
  </item>
  <item>
    <key>
      <string>fairgame</string>
    </key>
    <value>
      <GameRecord xmlns:xsi="http://www.w3.org/2001/XMLSchema-instance" xmlns:xsd="http://www.w3.org/2001/XMLSchema">
        <RecordID>21</RecordID>
        <Result>Defused</Result>
        <Seed>1933951710</Seed>
        <Components>
          <ComponentTypeEnum>Timer</ComponentTypeEnum>
          <ComponentTypeEnum>BigButton</ComponentTypeEnum>
          <ComponentTypeEnum>Keypad</ComponentTypeEnum>
          <ComponentTypeEnum>Venn</ComponentTypeEnum>
          <ComponentTypeEnum>Morse</ComponentTypeEnum>
          <ComponentTypeEnum>WhosOnFirst</ComponentTypeEnum>
        </Components>
        <MissionID>fairgame</MissionID>
        <ModuleSolveCount>5</ModuleSolveCount>
        <TimeElapsed>195.41861</TimeElapsed>
        <LeaderboardRank>0</LeaderboardRank>
        <RealTimeElapsed>203.430176</RealTimeElapsed>
        <Strikes>
          <StrikeSource xsi:nil="true" />
          <StrikeSource xsi:nil="true" />
          <StrikeSource xsi:nil="true" />
        </Strikes>
      </GameRecord>
    </value>
  </item>
  <item>
    <key>
      <string>pickupthepacetwo</string>
    </key>
    <value>
      <GameRecord xmlns:xsi="http://www.w3.org/2001/XMLSchema-instance" xmlns:xsd="http://www.w3.org/2001/XMLSchema">
        <RecordID>24</RecordID>
        <Result>Defused</Result>
        <Seed>1464186711</Seed>
        <Components>
          <ComponentTypeEnum>Timer</ComponentTypeEnum>
          <ComponentTypeEnum>BigButton</ComponentTypeEnum>
          <ComponentTypeEnum>Keypad</ComponentTypeEnum>
          <ComponentTypeEnum>Wires</ComponentTypeEnum>
          <ComponentTypeEnum>Wires</ComponentTypeEnum>
          <ComponentTypeEnum>Maze</ComponentTypeEnum>
        </Components>
        <MissionID>pickupthepacetwo</MissionID>
        <ModuleSolveCount>5</ModuleSolveCount>
        <TimeElapsed>124.499557</TimeElapsed>
        <LeaderboardRank>0</LeaderboardRank>
        <RealTimeElapsed>131.856079</RealTimeElapsed>
        <Strikes>
          <StrikeSource>
            <ComponentType>Maze</ComponentType>
            <InteractionType>PushButton</InteractionType>
            <Time>121.23143</Time>
          </StrikeSource>
          <StrikeSource xsi:nil="true" />
          <StrikeSource xsi:nil="true" />
        </Strikes>
      </GameRecord>
    </value>
  </item>
  <item>
    <key>
      <string>noroomforerror</string>
    </key>
    <value>
      <GameRecord xmlns:xsi="http://www.w3.org/2001/XMLSchema-instance" xmlns:xsd="http://www.w3.org/2001/XMLSchema">
        <RecordID>26</RecordID>
        <Result>Defused</Result>
        <Seed>850036905</Seed>
        <Components>
          <ComponentTypeEnum>Timer</ComponentTypeEnum>
          <ComponentTypeEnum>Wires</ComponentTypeEnum>
          <ComponentTypeEnum>Wires</ComponentTypeEnum>
          <ComponentTypeEnum>Keypad</ComponentTypeEnum>
          <ComponentTypeEnum>Memory</ComponentTypeEnum>
          <ComponentTypeEnum>WhosOnFirst</ComponentTypeEnum>
        </Components>
        <MissionID>noroomforerror</MissionID>
        <ModuleSolveCount>5</ModuleSolveCount>
        <TimeElapsed>150.201462</TimeElapsed>
        <LeaderboardRank>0</LeaderboardRank>
        <RealTimeElapsed>158.210449</RealTimeElapsed>
        <Strikes>
          <StrikeSource xsi:nil="true" />
        </Strikes>
      </GameRecord>
    </value>
  </item>
  <item>
    <key>
      <string>eightminutes</string>
    </key>
    <value>
      <GameRecord xmlns:xsi="http://www.w3.org/2001/XMLSchema-instance" xmlns:xsd="http://www.w3.org/2001/XMLSchema">
        <RecordID>27</RecordID>
        <Result>Defused</Result>
        <Seed>848220655</Seed>
        <Components>
          <ComponentTypeEnum>Timer</ComponentTypeEnum>
          <ComponentTypeEnum>BigButton</ComponentTypeEnum>
          <ComponentTypeEnum>Wires</ComponentTypeEnum>
          <ComponentTypeEnum>Keypad</ComponentTypeEnum>
          <ComponentTypeEnum>Simon</ComponentTypeEnum>
          <ComponentTypeEnum>Venn</ComponentTypeEnum>
          <ComponentTypeEnum>Memory</ComponentTypeEnum>
          <ComponentTypeEnum>Password</ComponentTypeEnum>
          <ComponentTypeEnum>WireSequence</ComponentTypeEnum>
        </Components>
        <MissionID>eightminutes</MissionID>
        <ModuleSolveCount>8</ModuleSolveCount>
        <TimeElapsed>460.071747</TimeElapsed>
        <LeaderboardRank>0</LeaderboardRank>
        <RealTimeElapsed>403.38208</RealTimeElapsed>
        <Strikes>
          <StrikeSource>
            <ComponentType>Memory</ComponentType>
            <InteractionType>PushButton</InteractionType>
            <Time>175.516632</Time>
          </StrikeSource>
          <StrikeSource>
            <ComponentType>WireSequence</ComponentType>
            <InteractionType>CutWire</InteractionType>
            <Time>401.6498</Time>
          </StrikeSource>
          <StrikeSource xsi:nil="true" />
        </Strikes>
      </GameRecord>
    </value>
  </item>
  <item>
    <key>
      <string>asmallwrinkle</string>
    </key>
    <value>
      <GameRecord xmlns:xsi="http://www.w3.org/2001/XMLSchema-instance" xmlns:xsd="http://www.w3.org/2001/XMLSchema">
        <RecordID>29</RecordID>
        <Result>Defused</Result>
        <Seed>524777862</Seed>
        <Components>
          <ComponentTypeEnum>Timer</ComponentTypeEnum>
          <ComponentTypeEnum>BigButton</ComponentTypeEnum>
          <ComponentTypeEnum>BigButton</ComponentTypeEnum>
          <ComponentTypeEnum>Wires</ComponentTypeEnum>
          <ComponentTypeEnum>Keypad</ComponentTypeEnum>
          <ComponentTypeEnum>NeedyCapacitor</ComponentTypeEnum>
          <ComponentTypeEnum>Venn</ComponentTypeEnum>
        </Components>
        <MissionID>asmallwrinkle</MissionID>
        <ModuleSolveCount>5</ModuleSolveCount>
        <TimeElapsed>185.4403</TimeElapsed>
        <LeaderboardRank>0</LeaderboardRank>
        <RealTimeElapsed>193.447021</RealTimeElapsed>
        <Strikes>
          <StrikeSource xsi:nil="true" />
        </Strikes>
      </GameRecord>
    </value>
  </item>
  <item>
    <key>
      <string>payattention</string>
    </key>
    <value>
      <GameRecord xmlns:xsi="http://www.w3.org/2001/XMLSchema-instance" xmlns:xsd="http://www.w3.org/2001/XMLSchema">
        <RecordID>30</RecordID>
        <Result>Defused</Result>
        <Seed>2121607393</Seed>
        <Components>
          <ComponentTypeEnum>Timer</ComponentTypeEnum>
          <ComponentTypeEnum>BigButton</ComponentTypeEnum>
          <ComponentTypeEnum>Keypad</ComponentTypeEnum>
          <ComponentTypeEnum>WhosOnFirst</ComponentTypeEnum>
          <ComponentTypeEnum>Simon</ComponentTypeEnum>
          <ComponentTypeEnum>NeedyVentGas</ComponentTypeEnum>
        </Components>
        <MissionID>payattention</MissionID>
        <ModuleSolveCount>4</ModuleSolveCount>
        <TimeElapsed>198.781586</TimeElapsed>
        <LeaderboardRank>0</LeaderboardRank>
        <RealTimeElapsed>206.7981</RealTimeElapsed>
        <Strikes>
          <StrikeSource xsi:nil="true" />
        </Strikes>
      </GameRecord>
    </value>
  </item>
  <item>
    <key>
      <string>theknob</string>
    </key>
    <value>
      <GameRecord xmlns:xsi="http://www.w3.org/2001/XMLSchema-instance" xmlns:xsd="http://www.w3.org/2001/XMLSchema">
        <RecordID>40</RecordID>
        <Result>Defused</Result>
        <Seed>547490489</Seed>
        <Components>
          <ComponentTypeEnum>Timer</ComponentTypeEnum>
          <ComponentTypeEnum>Wires</ComponentTypeEnum>
          <ComponentTypeEnum>Venn</ComponentTypeEnum>
          <ComponentTypeEnum>Memory</ComponentTypeEnum>
          <ComponentTypeEnum>Keypad</ComponentTypeEnum>
          <ComponentTypeEnum>Keypad</ComponentTypeEnum>
          <ComponentTypeEnum>NeedyKnob</ComponentTypeEnum>
        </Components>
        <MissionID>theknob</MissionID>
        <ModuleSolveCount>9</ModuleSolveCount>
        <TimeElapsed>297.521973</TimeElapsed>
        <LeaderboardRank>0</LeaderboardRank>
        <RealTimeElapsed>305.540039</RealTimeElapsed>
        <Strikes>
          <StrikeSource xsi:nil="true" />
        </Strikes>
      </GameRecord>
    </value>
  </item>
  <item>
    <key>
      <string>multitasker</string>
    </key>
    <value>
      <GameRecord xmlns:xsi="http://www.w3.org/2001/XMLSchema-instance" xmlns:xsd="http://www.w3.org/2001/XMLSchema">
        <RecordID>44</RecordID>
        <Result>Defused</Result>
        <Seed>861060363</Seed>
        <Components>
          <ComponentTypeEnum>Timer</ComponentTypeEnum>
          <ComponentTypeEnum>NeedyVentGas</ComponentTypeEnum>
          <ComponentTypeEnum>Keypad</ComponentTypeEnum>
          <ComponentTypeEnum>Password</ComponentTypeEnum>
          <ComponentTypeEnum>WireSequence</ComponentTypeEnum>
          <ComponentTypeEnum>NeedyCapacitor</ComponentTypeEnum>
          <ComponentTypeEnum>NeedyCapacitor</ComponentTypeEnum>
        </Components>
        <MissionID>multitasker</MissionID>
        <ModuleSolveCount>3</ModuleSolveCount>
        <TimeElapsed>191.0166</TimeElapsed>
        <LeaderboardRank>0</LeaderboardRank>
        <RealTimeElapsed>199.027344</RealTimeElapsed>
        <Strikes>
          <StrikeSource xsi:nil="true" />
        </Strikes>
      </GameRecord>
    </value>
  </item>
  <item>
    <key>
      <string>wireseverywhere</string>
    </key>
    <value>
      <GameRecord xmlns:xsi="http://www.w3.org/2001/XMLSchema-instance" xmlns:xsd="http://www.w3.org/2001/XMLSchema">
        <RecordID>47</RecordID>
        <Result>Defused</Result>
        <Seed>1710019927</Seed>
        <Components>
          <ComponentTypeEnum>Timer</ComponentTypeEnum>
          <ComponentTypeEnum>Wires</ComponentTypeEnum>
          <ComponentTypeEnum>Wires</ComponentTypeEnum>
          <ComponentTypeEnum>WireSequence</ComponentTypeEnum>
          <ComponentTypeEnum>WireSequence</ComponentTypeEnum>
          <ComponentTypeEnum>Venn</ComponentTypeEnum>
          <ComponentTypeEnum>Venn</ComponentTypeEnum>
        </Components>
        <MissionID>wireseverywhere</MissionID>
        <ModuleSolveCount>6</ModuleSolveCount>
        <TimeElapsed>212.481461</TimeElapsed>
        <LeaderboardRank>0</LeaderboardRank>
        <RealTimeElapsed>214.76123</RealTimeElapsed>
        <Strikes>
          <StrikeSource>
            <ComponentType>Wires</ComponentType>
            <InteractionType>CutWire</InteractionType>
            <Time>183.787476</Time>
          </StrikeSource>
          <StrikeSource xsi:nil="true" />
          <StrikeSource xsi:nil="true" />
        </Strikes>
      </GameRecord>
    </value>
  </item>
  <item>
    <key>
      <string>rtfm</string>
    </key>
    <value>
      <GameRecord xmlns:xsi="http://www.w3.org/2001/XMLSchema-instance" xmlns:xsd="http://www.w3.org/2001/XMLSchema">
        <RecordID>50</RecordID>
        <Result>Defused</Result>
        <Seed>1316065289</Seed>
        <Components>
          <ComponentTypeEnum>Timer</ComponentTypeEnum>
          <ComponentTypeEnum>NeedyVentGas</ComponentTypeEnum>
          <ComponentTypeEnum>NeedyVentGas</ComponentTypeEnum>
          <ComponentTypeEnum>NeedyVentGas</ComponentTypeEnum>
          <ComponentTypeEnum>NeedyVentGas</ComponentTypeEnum>
          <ComponentTypeEnum>NeedyVentGas</ComponentTypeEnum>
          <ComponentTypeEnum>Simon</ComponentTypeEnum>
          <ComponentTypeEnum>Password</ComponentTypeEnum>
          <ComponentTypeEnum>Maze</ComponentTypeEnum>
        </Components>
        <MissionID>rtfm</MissionID>
        <ModuleSolveCount>3</ModuleSolveCount>
        <TimeElapsed>156.6034</TimeElapsed>
        <LeaderboardRank>0</LeaderboardRank>
        <RealTimeElapsed>164.614746</RealTimeElapsed>
        <Strikes>
          <StrikeSource xsi:nil="true" />
        </Strikes>
      </GameRecord>
    </value>
  </item>
  <item>
    <key>
      <string>whosonfirst</string>
    </key>
    <value>
      <GameRecord xmlns:xsi="http://www.w3.org/2001/XMLSchema-instance" xmlns:xsd="http://www.w3.org/2001/XMLSchema">
        <RecordID>54</RecordID>
        <Result>Defused</Result>
        <Seed>1881950053</Seed>
        <Components>
          <ComponentTypeEnum>Timer</ComponentTypeEnum>
          <ComponentTypeEnum>WhosOnFirst</ComponentTypeEnum>
          <ComponentTypeEnum>WhosOnFirst</ComponentTypeEnum>
          <ComponentTypeEnum>WhosOnFirst</ComponentTypeEnum>
          <ComponentTypeEnum>WhosOnFirst</ComponentTypeEnum>
        </Components>
        <MissionID>whosonfirst</MissionID>
        <ModuleSolveCount>4</ModuleSolveCount>
        <TimeElapsed>186.429031</TimeElapsed>
        <LeaderboardRank>0</LeaderboardRank>
        <RealTimeElapsed>194.444336</RealTimeElapsed>
        <Strikes>
          <StrikeSource xsi:nil="true" />
        </Strikes>
      </GameRecord>
    </value>
  </item>
  <item>
    <key>
      <string>fiendish</string>
    </key>
    <value>
      <GameRecord xmlns:xsi="http://www.w3.org/2001/XMLSchema-instance" xmlns:xsd="http://www.w3.org/2001/XMLSchema">
        <RecordID>56</RecordID>
        <Result>Defused</Result>
        <Seed>916536696</Seed>
        <Components>
          <ComponentTypeEnum>Timer</ComponentTypeEnum>
          <ComponentTypeEnum>BigButton</ComponentTypeEnum>
          <ComponentTypeEnum>Memory</ComponentTypeEnum>
          <ComponentTypeEnum>Venn</ComponentTypeEnum>
          <ComponentTypeEnum>Morse</ComponentTypeEnum>
          <ComponentTypeEnum>Keypad</ComponentTypeEnum>
          <ComponentTypeEnum>NeedyCapacitor</ComponentTypeEnum>
        </Components>
        <MissionID>fiendish</MissionID>
        <ModuleSolveCount>5</ModuleSolveCount>
        <TimeElapsed>172.701752</TimeElapsed>
        <LeaderboardRank>0</LeaderboardRank>
        <RealTimeElapsed>180.713867</RealTimeElapsed>
        <Strikes>
          <StrikeSource xsi:nil="true" />
          <StrikeSource xsi:nil="true" />
          <StrikeSource xsi:nil="true" />
        </Strikes>
      </GameRecord>
    </value>
  </item>
  <item>
    <key>
      <string>pickupthepacethree</string>
    </key>
    <value>
      <GameRecord xmlns:xsi="http://www.w3.org/2001/XMLSchema-instance" xmlns:xsd="http://www.w3.org/2001/XMLSchema">
        <RecordID>59</RecordID>
        <Result>Defused</Result>
        <Seed>116260141</Seed>
        <Components>
          <ComponentTypeEnum>Timer</ComponentTypeEnum>
          <ComponentTypeEnum>BigButton</ComponentTypeEnum>
          <ComponentTypeEnum>Keypad</ComponentTypeEnum>
          <ComponentTypeEnum>Wires</ComponentTypeEnum>
          <ComponentTypeEnum>Memory</ComponentTypeEnum>
        </Components>
        <MissionID>pickupthepacethree</MissionID>
        <ModuleSolveCount>4</ModuleSolveCount>
        <TimeElapsed>78.1747</TimeElapsed>
        <LeaderboardRank>0</LeaderboardRank>
        <RealTimeElapsed>86.1860352</RealTimeElapsed>
        <Strikes>
          <StrikeSource xsi:nil="true" />
        </Strikes>
      </GameRecord>
    </value>
  </item>
</dictionary>