﻿<?xml version="1.0" encoding="utf-8"?>
<ProgressionData xmlns:xsi="http://www.w3.org/2001/XMLSchema-instance" xmlns:xsd="http://www.w3.org/2001/XMLSchema">
  <MissionProgression>
    <item>
      <key>
        <string>gameoverviewtutorial</string>
      </key>
      <value>
        <boolean>true</boolean>
      </value>
    </item>
    <item>
      <key>
        <string>controlstutorial</string>
      </key>
      <value>
        <boolean>true</boolean>
      </value>
    </item>
    <item>
      <key>
        <string>firsttime</string>
      </key>
      <value>
        <boolean>true</boolean>
      </value>
    </item>
    <item>
      <key>
        <string>somethingoldsomethingnew</string>
      </key>
      <value>
        <boolean>true</boolean>
      </value>
    </item>
    <item>
      <key>
        <string>doubleyourmoney</string>
      </key>
      <value>
        <boolean>true</boolean>
      </value>
    </item>
    <item>
      <key>
        <string>onestepup</string>
      </key>
      <value>
        <boolean>true</boolean>
      </value>
    </item>
    <item>
      <key>
        <string>pickupthepace</string>
      </key>
      <value>
        <boolean>true</boolean>
      </value>
    </item>
    <item>
      <key>
        <string>ahiddenmessage</string>
      </key>
      <value>
        <boolean>true</boolean>
      </value>
    </item>
    <item>
      <key>
        <string>somethingsdifferent</string>
      </key>
      <value>
        <boolean>true</boolean>
      </value>
    </item>
    <item>
      <key>
        <string>giantleap</string>
      </key>
      <value>
        <boolean>true</boolean>
      </value>
    </item>
    <item>
      <key>
        <string>fairgame</string>
      </key>
      <value>
        <boolean>true</boolean>
      </value>
    </item>
    <item>
      <key>
        <string>pickupthepacetwo</string>
      </key>
      <value>
        <boolean>true</boolean>
      </value>
    </item>
    <item>
      <key>
        <string>noroomforerror</string>
      </key>
      <value>
        <boolean>true</boolean>
      </value>
    </item>
    <item>
      <key>
        <string>eightminutes</string>
      </key>
      <value>
        <boolean>true</boolean>
      </value>
    </item>
    <item>
      <key>
        <string>asmallwrinkle</string>
      </key>
      <value>
        <boolean>true</boolean>
      </value>
    </item>
    <item>
      <key>
        <string>payattention</string>
      </key>
      <value>
        <boolean>true</boolean>
      </value>
    </item>
    <item>
      <key>
        <string>theknob</string>
      </key>
      <value>
        <boolean>true</boolean>
      </value>
    </item>
    <item>
      <key>
        <string>multitasker</string>
      </key>
      <value>
        <boolean>true</boolean>
      </value>
    </item>
    <item>
      <key>
        <string>wireseverywhere</string>
      </key>
      <value>
        <boolean>true</boolean>
      </value>
    </item>
    <item>
      <key>
        <string>rtfm</string>
      </key>
      <value>
        <boolean>true</boolean>
      </value>
    </item>
    <item>
      <key>
        <string>whosonfirst</string>
      </key>
      <value>
        <boolean>true</boolean>
      </value>
    </item>
    <item>
      <key>
        <string>fiendish</string>
      </key>
      <value>
        <boolean>true</boolean>
      </value>
    </item>
    <item>
      <key>
        <string>pickupthepacethree</string>
      </key>
      <value>
        <boolean>true</boolean>
      </value>
    </item>
  </MissionProgression>
  <LastUnlockedBombClass>2-pt-BR</LastUnlockedBombClass>
  <HasWatchedGameOverview>true</HasWatchedGameOverview>
  <HasCompletedControlsTutorial>true</HasCompletedControlsTutorial>
  <HasStartedAGame>true</HasStartedAGame>
  <DisarmedComponentTypes>
    <ComponentTypeEnum>Wires</ComponentTypeEnum>
    <ComponentTypeEnum>BigButton</ComponentTypeEnum>
    <ComponentTypeEnum>Keypad</ComponentTypeEnum>
    <ComponentTypeEnum>Memory</ComponentTypeEnum>
    <ComponentTypeEnum>WhosOnFirst</ComponentTypeEnum>
    <ComponentTypeEnum>Simon</ComponentTypeEnum>
    <ComponentTypeEnum>Maze</ComponentTypeEnum>
    <ComponentTypeEnum>Morse</ComponentTypeEnum>
    <ComponentTypeEnum>Venn</ComponentTypeEnum>
    <ComponentTypeEnum>Password</ComponentTypeEnum>
    <ComponentTypeEnum>WireSequence</ComponentTypeEnum>
  </DisarmedComponentTypes>
</ProgressionData>