﻿<?xml version="1.0" encoding="utf-8"?>
<ArrayOfGameRecord xmlns:xsi="http://www.w3.org/2001/XMLSchema-instance" xmlns:xsd="http://www.w3.org/2001/XMLSchema">
  <GameRecord>
    <RecordID>64</RecordID>
    <Result>ExplodedDueToStrikes</Result>
    <Seed>1366916465</Seed>
    <Components>
      <ComponentTypeEnum>Timer</ComponentTypeEnum>
      <ComponentTypeEnum>BigButton</ComponentTypeEnum>
      <ComponentTypeEnum>Wires</ComponentTypeEnum>
      <ComponentTypeEnum>Keypad</ComponentTypeEnum>
      <ComponentTypeEnum>Simon</ComponentTypeEnum>
      <ComponentTypeEnum>WhosOnFirst</ComponentTypeEnum>
      <ComponentTypeEnum>Memory</ComponentTypeEnum>
      <ComponentTypeEnum>Morse</ComponentTypeEnum>
      <ComponentTypeEnum>Venn</ComponentTypeEnum>
      <ComponentTypeEnum>WireSequence</ComponentTypeEnum>
      <ComponentTypeEnum>Maze</ComponentTypeEnum>
      <ComponentTypeEnum>Password</ComponentTypeEnum>
    </Components>
    <MissionID>onewitheverything</MissionID>
    <ModuleSolveCount>7</ModuleSolveCount>
    <TimeElapsed>314.689941</TimeElapsed>
    <LeaderboardRank>0</LeaderboardRank>
    <RealTimeElapsed>318.086426</RealTimeElapsed>
    <Strikes>
      <StrikeSource>
        <ComponentType>Simon</ComponentType>
        <InteractionType>PushButton</InteractionType>
        <Time>300.667755</Time>
      </StrikeSource>
      <StrikeSource>
        <ComponentType>Simon</ComponentType>
        <InteractionType>PushButton</InteractionType>
        <Time>301.0844</Time>
      </StrikeSource>
      <StrikeSource>
        <ComponentType>Simon</ComponentType>
        <InteractionType>PushButton</InteractionType>
        <Time>314.689941</Time>
      </StrikeSource>
    </Strikes>
  </GameRecord>
  <GameRecord>
    <RecordID>63</RecordID>
    <Result>ExplodedDueToTime</Result>
    <Seed>1407193379</Seed>
    <Components>
      <ComponentTypeEnum>Timer</ComponentTypeEnum>
      <ComponentTypeEnum>BigButton</ComponentTypeEnum>
      <ComponentTypeEnum>Wires</ComponentTypeEnum>
      <ComponentTypeEnum>Keypad</ComponentTypeEnum>
      <ComponentTypeEnum>Simon</ComponentTypeEnum>
      <ComponentTypeEnum>WhosOnFirst</ComponentTypeEnum>
      <ComponentTypeEnum>Memory</ComponentTypeEnum>
      <ComponentTypeEnum>Morse</ComponentTypeEnum>
      <ComponentTypeEnum>Venn</ComponentTypeEnum>
      <ComponentTypeEnum>WireSequence</ComponentTypeEnum>
      <ComponentTypeEnum>Maze</ComponentTypeEnum>
      <ComponentTypeEnum>Password</ComponentTypeEnum>
    </Components>
    <MissionID>onewitheverything</MissionID>
    <ModuleSolveCount>4</ModuleSolveCount>
    <TimeElapsed>360.011169</TimeElapsed>
    <LeaderboardRank>0</LeaderboardRank>
    <RealTimeElapsed>297.402344</RealTimeElapsed>
    <Strikes>
      <StrikeSource>
        <ComponentType>WireSequence</ComponentType>
        <InteractionType>CutWire</InteractionType>
        <Time>144.263962</Time>
      </StrikeSource>
      <StrikeSource>
        <ComponentType>WireSequence</ComponentType>
        <InteractionType>CutWire</InteractionType>
        <Time>154.035751</Time>
      </StrikeSource>
      <StrikeSource xsi:nil="true" />
    </Strikes>
  </GameRecord>
  <GameRecord>
    <RecordID>62</RecordID>
    <Result>ExplodedDueToStrikes</Result>
    <Seed>977912829</Seed>
    <Components>
      <ComponentTypeEnum>Timer</ComponentTypeEnum>
      <ComponentTypeEnum>BigButton</ComponentTypeEnum>
      <ComponentTypeEnum>Wires</ComponentTypeEnum>
      <ComponentTypeEnum>Keypad</ComponentTypeEnum>
      <ComponentTypeEnum>Simon</ComponentTypeEnum>
      <ComponentTypeEnum>WhosOnFirst</ComponentTypeEnum>
      <ComponentTypeEnum>Memory</ComponentTypeEnum>
      <ComponentTypeEnum>Morse</ComponentTypeEnum>
      <ComponentTypeEnum>Venn</ComponentTypeEnum>
      <ComponentTypeEnum>WireSequence</ComponentTypeEnum>
      <ComponentTypeEnum>Maze</ComponentTypeEnum>
      <ComponentTypeEnum>Password</ComponentTypeEnum>
    </Components>
    <MissionID>onewitheverything</MissionID>
    <ModuleSolveCount>1</ModuleSolveCount>
    <TimeElapsed>99.10437</TimeElapsed>
    <LeaderboardRank>0</LeaderboardRank>
    <RealTimeElapsed>106.435547</RealTimeElapsed>
    <Strikes>
      <StrikeSource>
        <ComponentType>Wires</ComponentType>
        <InteractionType>CutWire</InteractionType>
        <Time>96.72919</Time>
      </StrikeSource>
      <StrikeSource>
        <ComponentType>Wires</ComponentType>
        <InteractionType>CutWire</InteractionType>
        <Time>97.56287</Time>
      </StrikeSource>
      <StrikeSource>
        <ComponentType>Wires</ComponentType>
        <InteractionType>CutWire</InteractionType>
        <Time>99.10437</Time>
      </StrikeSource>
    </Strikes>
  </GameRecord>
  <GameRecord>
    <RecordID>61</RecordID>
    <Result>ExplodedDueToStrikes</Result>
    <Seed>1540940771</Seed>
    <Components>
      <ComponentTypeEnum>Timer</ComponentTypeEnum>
      <ComponentTypeEnum>BigButton</ComponentTypeEnum>
      <ComponentTypeEnum>Wires</ComponentTypeEnum>
      <ComponentTypeEnum>Keypad</ComponentTypeEnum>
      <ComponentTypeEnum>Simon</ComponentTypeEnum>
      <ComponentTypeEnum>WhosOnFirst</ComponentTypeEnum>
      <ComponentTypeEnum>Memory</ComponentTypeEnum>
      <ComponentTypeEnum>Morse</ComponentTypeEnum>
      <ComponentTypeEnum>Venn</ComponentTypeEnum>
      <ComponentTypeEnum>WireSequence</ComponentTypeEnum>
      <ComponentTypeEnum>Maze</ComponentTypeEnum>
      <ComponentTypeEnum>Password</ComponentTypeEnum>
    </Components>
    <MissionID>onewitheverything</MissionID>
    <ModuleSolveCount>6</ModuleSolveCount>
    <TimeElapsed>350.811584</TimeElapsed>
    <LeaderboardRank>0</LeaderboardRank>
    <RealTimeElapsed>294.356934</RealTimeElapsed>
    <Strikes>
      <StrikeSource>
        <ComponentType>WireSequence</ComponentType>
        <InteractionType>PushButton</InteractionType>
        <Time>147.107315</Time>
      </StrikeSource>
      <StrikeSource>
        <ComponentType>Venn</ComponentType>
        <InteractionType>CutWire</InteractionType>
        <Time>172.867172</Time>
      </StrikeSource>
      <StrikeSource>
        <ComponentType>Wires</ComponentType>
        <InteractionType>CutWire</InteractionType>
        <Time>350.811584</Time>
      </StrikeSource>
    </Strikes>
  </GameRecord>
  <GameRecord>
    <RecordID>60</RecordID>
    <Result>ExplodedDueToTime</Result>
    <Seed>1189754510</Seed>
    <Components>
      <ComponentTypeEnum>Timer</ComponentTypeEnum>
      <ComponentTypeEnum>BigButton</ComponentTypeEnum>
      <ComponentTypeEnum>Wires</ComponentTypeEnum>
      <ComponentTypeEnum>Keypad</ComponentTypeEnum>
      <ComponentTypeEnum>Simon</ComponentTypeEnum>
      <ComponentTypeEnum>WhosOnFirst</ComponentTypeEnum>
      <ComponentTypeEnum>Memory</ComponentTypeEnum>
      <ComponentTypeEnum>Morse</ComponentTypeEnum>
      <ComponentTypeEnum>Venn</ComponentTypeEnum>
      <ComponentTypeEnum>WireSequence</ComponentTypeEnum>
      <ComponentTypeEnum>Maze</ComponentTypeEnum>
      <ComponentTypeEnum>Password</ComponentTypeEnum>
    </Components>
    <MissionID>onewitheverything</MissionID>
    <ModuleSolveCount>8</ModuleSolveCount>
    <TimeElapsed>360.015533</TimeElapsed>
    <LeaderboardRank>0</LeaderboardRank>
    <RealTimeElapsed>312.103027</RealTimeElapsed>
    <Strikes>
      <StrikeSource>
        <ComponentType>Simon</ComponentType>
        <InteractionType>PushButton</InteractionType>
        <Time>80.49692</Time>
      </StrikeSource>
      <StrikeSource xsi:nil="true" />
      <StrikeSource xsi:nil="true" />
    </Strikes>
  </GameRecord>
  <GameRecord>
    <RecordID>59</RecordID>
    <Result>Defused</Result>
    <Seed>116260141</Seed>
    <Components>
      <ComponentTypeEnum>Timer</ComponentTypeEnum>
      <ComponentTypeEnum>BigButton</ComponentTypeEnum>
      <ComponentTypeEnum>Keypad</ComponentTypeEnum>
      <ComponentTypeEnum>Wires</ComponentTypeEnum>
      <ComponentTypeEnum>Memory</ComponentTypeEnum>
    </Components>
    <MissionID>pickupthepacethree</MissionID>
    <ModuleSolveCount>4</ModuleSolveCount>
    <TimeElapsed>78.1747</TimeElapsed>
    <LeaderboardRank>0</LeaderboardRank>
    <RealTimeElapsed>86.1860352</RealTimeElapsed>
    <Strikes>
      <StrikeSource xsi:nil="true" />
    </Strikes>
  </GameRecord>
  <GameRecord>
    <RecordID>58</RecordID>
    <Result>ExplodedDueToStrikes</Result>
    <Seed>1734736350</Seed>
    <Components>
      <ComponentTypeEnum>Timer</ComponentTypeEnum>
      <ComponentTypeEnum>BigButton</ComponentTypeEnum>
      <ComponentTypeEnum>Wires</ComponentTypeEnum>
      <ComponentTypeEnum>Wires</ComponentTypeEnum>
      <ComponentTypeEnum>Simon</ComponentTypeEnum>
    </Components>
    <MissionID>pickupthepacethree</MissionID>
    <ModuleSolveCount>2</ModuleSolveCount>
    <TimeElapsed>49.1652946</TimeElapsed>
    <LeaderboardRank>0</LeaderboardRank>
    <RealTimeElapsed>57.19336</RealTimeElapsed>
    <Strikes>
      <StrikeSource>
        <ComponentType>BigButton</ComponentType>
        <InteractionType>BigButton</InteractionType>
        <Time>49.1652946</Time>
      </StrikeSource>
    </Strikes>
  </GameRecord>
  <GameRecord>
    <RecordID>57</RecordID>
    <Result>ExplodedDueToStrikes</Result>
    <Seed>336227090</Seed>
    <Components>
      <ComponentTypeEnum>Timer</ComponentTypeEnum>
      <ComponentTypeEnum>BigButton</ComponentTypeEnum>
      <ComponentTypeEnum>BigButton</ComponentTypeEnum>
      <ComponentTypeEnum>Keypad</ComponentTypeEnum>
      <ComponentTypeEnum>Memory</ComponentTypeEnum>
    </Components>
    <MissionID>pickupthepacethree</MissionID>
    <ModuleSolveCount>3</ModuleSolveCount>
    <TimeElapsed>78.3746643</TimeElapsed>
    <LeaderboardRank>0</LeaderboardRank>
    <RealTimeElapsed>86.39404</RealTimeElapsed>
    <Strikes>
      <StrikeSource>
        <ComponentType>Keypad</ComponentType>
        <InteractionType>PushButton</InteractionType>
        <Time>78.3746643</Time>
      </StrikeSource>
    </Strikes>
  </GameRecord>
  <GameRecord>
    <RecordID>56</RecordID>
    <Result>Defused</Result>
    <Seed>916536696</Seed>
    <Components>
      <ComponentTypeEnum>Timer</ComponentTypeEnum>
      <ComponentTypeEnum>BigButton</ComponentTypeEnum>
      <ComponentTypeEnum>Memory</ComponentTypeEnum>
      <ComponentTypeEnum>Venn</ComponentTypeEnum>
      <ComponentTypeEnum>Morse</ComponentTypeEnum>
      <ComponentTypeEnum>Keypad</ComponentTypeEnum>
      <ComponentTypeEnum>NeedyCapacitor</ComponentTypeEnum>
    </Components>
    <MissionID>fiendish</MissionID>
    <ModuleSolveCount>5</ModuleSolveCount>
    <TimeElapsed>172.701752</TimeElapsed>
    <LeaderboardRank>0</LeaderboardRank>
    <RealTimeElapsed>180.713867</RealTimeElapsed>
    <Strikes>
      <StrikeSource xsi:nil="true" />
      <StrikeSource xsi:nil="true" />
      <StrikeSource xsi:nil="true" />
    </Strikes>
  </GameRecord>
  <GameRecord>
    <RecordID>55</RecordID>
    <Result>ExplodedDueToStrikes</Result>
    <Seed>33645853</Seed>
    <Components>
      <ComponentTypeEnum>Timer</ComponentTypeEnum>
      <ComponentTypeEnum>BigButton</ComponentTypeEnum>
      <ComponentTypeEnum>Simon</ComponentTypeEnum>
      <ComponentTypeEnum>WireSequence</ComponentTypeEnum>
      <ComponentTypeEnum>Morse</ComponentTypeEnum>
      <ComponentTypeEnum>Wires</ComponentTypeEnum>
      <ComponentTypeEnum>NeedyKnob</ComponentTypeEnum>
    </Components>
    <MissionID>fiendish</MissionID>
    <ModuleSolveCount>6</ModuleSolveCount>
    <TimeElapsed>242.341873</TimeElapsed>
    <LeaderboardRank>0</LeaderboardRank>
    <RealTimeElapsed>249.406738</RealTimeElapsed>
    <Strikes>
      <StrikeSource>
        <ComponentType>WireSequence</ComponentType>
        <InteractionType>CutWire</InteractionType>
        <Time>238.474136</Time>
      </StrikeSource>
      <StrikeSource>
        <ComponentType>WireSequence</ComponentType>
        <InteractionType>PushButton</InteractionType>
        <Time>241.0418</Time>
      </StrikeSource>
      <StrikeSource>
        <ComponentType>WireSequence</ComponentType>
        <InteractionType>PushButton</InteractionType>
        <Time>242.341873</Time>
      </StrikeSource>
    </Strikes>
  </GameRecord>
  <GameRecord>
    <RecordID>54</RecordID>
    <Result>Defused</Result>
    <Seed>1881950053</Seed>
    <Components>
      <ComponentTypeEnum>Timer</ComponentTypeEnum>
      <ComponentTypeEnum>WhosOnFirst</ComponentTypeEnum>
      <ComponentTypeEnum>WhosOnFirst</ComponentTypeEnum>
      <ComponentTypeEnum>WhosOnFirst</ComponentTypeEnum>
      <ComponentTypeEnum>WhosOnFirst</ComponentTypeEnum>
    </Components>
    <MissionID>whosonfirst</MissionID>
    <ModuleSolveCount>4</ModuleSolveCount>
    <TimeElapsed>186.429031</TimeElapsed>
    <LeaderboardRank>0</LeaderboardRank>
    <RealTimeElapsed>194.444336</RealTimeElapsed>
    <Strikes>
      <StrikeSource xsi:nil="true" />
    </Strikes>
  </GameRecord>
  <GameRecord>
    <RecordID>53</RecordID>
    <Result>ExplodedDueToTime</Result>
    <Seed>188257003</Seed>
    <Components>
      <ComponentTypeEnum>Timer</ComponentTypeEnum>
      <ComponentTypeEnum>WhosOnFirst</ComponentTypeEnum>
      <ComponentTypeEnum>WhosOnFirst</ComponentTypeEnum>
      <ComponentTypeEnum>WhosOnFirst</ComponentTypeEnum>
      <ComponentTypeEnum>WhosOnFirst</ComponentTypeEnum>
    </Components>
    <MissionID>whosonfirst</MissionID>
    <ModuleSolveCount>3</ModuleSolveCount>
    <TimeElapsed>210.011276</TimeElapsed>
    <LeaderboardRank>0</LeaderboardRank>
    <RealTimeElapsed>218.0044</RealTimeElapsed>
    <Strikes>
      <StrikeSource xsi:nil="true" />
    </Strikes>
  </GameRecord>
  <GameRecord>
    <RecordID>52</RecordID>
    <Result>Incomplete</Result>
    <Seed>1014120794</Seed>
    <Components>
      <ComponentTypeEnum>Timer</ComponentTypeEnum>
      <ComponentTypeEnum>WhosOnFirst</ComponentTypeEnum>
      <ComponentTypeEnum>WhosOnFirst</ComponentTypeEnum>
      <ComponentTypeEnum>WhosOnFirst</ComponentTypeEnum>
      <ComponentTypeEnum>WhosOnFirst</ComponentTypeEnum>
    </Components>
    <MissionID>whosonfirst</MissionID>
    <ModuleSolveCount>0</ModuleSolveCount>
    <TimeElapsed>0</TimeElapsed>
    <LeaderboardRank>0</LeaderboardRank>
    <RealTimeElapsed>0</RealTimeElapsed>
    <Strikes>
      <StrikeSource xsi:nil="true" />
    </Strikes>
  </GameRecord>
  <GameRecord>
    <RecordID>51</RecordID>
    <Result>ExplodedDueToStrikes</Result>
    <Seed>623561051</Seed>
    <Components>
      <ComponentTypeEnum>Timer</ComponentTypeEnum>
      <ComponentTypeEnum>WhosOnFirst</ComponentTypeEnum>
      <ComponentTypeEnum>WhosOnFirst</ComponentTypeEnum>
      <ComponentTypeEnum>WhosOnFirst</ComponentTypeEnum>
      <ComponentTypeEnum>WhosOnFirst</ComponentTypeEnum>
    </Components>
    <MissionID>whosonfirst</MissionID>
    <ModuleSolveCount>0</ModuleSolveCount>
    <TimeElapsed>30.4377136</TimeElapsed>
    <LeaderboardRank>0</LeaderboardRank>
    <RealTimeElapsed>38.44043</RealTimeElapsed>
    <Strikes>
      <StrikeSource>
        <ComponentType>WhosOnFirst</ComponentType>
        <InteractionType>PushButton</InteractionType>
        <Time>30.4377136</Time>
      </StrikeSource>
    </Strikes>
  </GameRecord>
  <GameRecord>
    <RecordID>50</RecordID>
    <Result>Defused</Result>
    <Seed>1316065289</Seed>
    <Components>
      <ComponentTypeEnum>Timer</ComponentTypeEnum>
      <ComponentTypeEnum>NeedyVentGas</ComponentTypeEnum>
      <ComponentTypeEnum>NeedyVentGas</ComponentTypeEnum>
      <ComponentTypeEnum>NeedyVentGas</ComponentTypeEnum>
      <ComponentTypeEnum>NeedyVentGas</ComponentTypeEnum>
      <ComponentTypeEnum>NeedyVentGas</ComponentTypeEnum>
      <ComponentTypeEnum>Simon</ComponentTypeEnum>
      <ComponentTypeEnum>Password</ComponentTypeEnum>
      <ComponentTypeEnum>Maze</ComponentTypeEnum>
    </Components>
    <MissionID>rtfm</MissionID>
    <ModuleSolveCount>3</ModuleSolveCount>
    <TimeElapsed>156.6034</TimeElapsed>
    <LeaderboardRank>0</LeaderboardRank>
    <RealTimeElapsed>164.614746</RealTimeElapsed>
    <Strikes>
      <StrikeSource xsi:nil="true" />
    </Strikes>
  </GameRecord>
  <GameRecord>
    <RecordID>49</RecordID>
    <Result>ExplodedDueToStrikes</Result>
    <Seed>1429366195</Seed>
    <Components>
      <ComponentTypeEnum>Timer</ComponentTypeEnum>
      <ComponentTypeEnum>NeedyVentGas</ComponentTypeEnum>
      <ComponentTypeEnum>NeedyVentGas</ComponentTypeEnum>
      <ComponentTypeEnum>NeedyVentGas</ComponentTypeEnum>
      <ComponentTypeEnum>NeedyVentGas</ComponentTypeEnum>
      <ComponentTypeEnum>NeedyVentGas</ComponentTypeEnum>
      <ComponentTypeEnum>Simon</ComponentTypeEnum>
      <ComponentTypeEnum>Password</ComponentTypeEnum>
      <ComponentTypeEnum>Maze</ComponentTypeEnum>
    </Components>
    <MissionID>rtfm</MissionID>
    <ModuleSolveCount>1</ModuleSolveCount>
    <TimeElapsed>267.99057</TimeElapsed>
    <LeaderboardRank>0</LeaderboardRank>
    <RealTimeElapsed>275.996582</RealTimeElapsed>
    <Strikes>
      <StrikeSource>
        <ComponentType>Password</ComponentType>
        <InteractionType>PushButton</InteractionType>
        <Time>267.99057</Time>
      </StrikeSource>
    </Strikes>
  </GameRecord>
  <GameRecord>
    <RecordID>48</RecordID>
    <Result>ExplodedDueToStrikes</Result>
    <Seed>332769506</Seed>
    <Components>
      <ComponentTypeEnum>Timer</ComponentTypeEnum>
      <ComponentTypeEnum>NeedyVentGas</ComponentTypeEnum>
      <ComponentTypeEnum>NeedyVentGas</ComponentTypeEnum>
      <ComponentTypeEnum>NeedyVentGas</ComponentTypeEnum>
      <ComponentTypeEnum>NeedyVentGas</ComponentTypeEnum>
      <ComponentTypeEnum>NeedyVentGas</ComponentTypeEnum>
      <ComponentTypeEnum>Simon</ComponentTypeEnum>
      <ComponentTypeEnum>Password</ComponentTypeEnum>
      <ComponentTypeEnum>Maze</ComponentTypeEnum>
    </Components>
    <MissionID>rtfm</MissionID>
    <ModuleSolveCount>1</ModuleSolveCount>
    <TimeElapsed>114.803207</TimeElapsed>
    <LeaderboardRank>0</LeaderboardRank>
    <RealTimeElapsed>122.813477</RealTimeElapsed>
    <Strikes>
      <StrikeSource>
        <ComponentType>Maze</ComponentType>
        <InteractionType>PushButton</InteractionType>
        <Time>114.803207</Time>
      </StrikeSource>
    </Strikes>
  </GameRecord>
  <GameRecord>
    <RecordID>47</RecordID>
    <Result>Defused</Result>
    <Seed>1710019927</Seed>
    <Components>
      <ComponentTypeEnum>Timer</ComponentTypeEnum>
      <ComponentTypeEnum>Wires</ComponentTypeEnum>
      <ComponentTypeEnum>Wires</ComponentTypeEnum>
      <ComponentTypeEnum>WireSequence</ComponentTypeEnum>
      <ComponentTypeEnum>WireSequence</ComponentTypeEnum>
      <ComponentTypeEnum>Venn</ComponentTypeEnum>
      <ComponentTypeEnum>Venn</ComponentTypeEnum>
    </Components>
    <MissionID>wireseverywhere</MissionID>
    <ModuleSolveCount>6</ModuleSolveCount>
    <TimeElapsed>212.481461</TimeElapsed>
    <LeaderboardRank>0</LeaderboardRank>
    <RealTimeElapsed>214.76123</RealTimeElapsed>
    <Strikes>
      <StrikeSource>
        <ComponentType>Wires</ComponentType>
        <InteractionType>CutWire</InteractionType>
        <Time>183.787476</Time>
      </StrikeSource>
      <StrikeSource xsi:nil="true" />
      <StrikeSource xsi:nil="true" />
    </Strikes>
  </GameRecord>
  <GameRecord>
    <RecordID>46</RecordID>
    <Result>ExplodedDueToTime</Result>
    <Seed>1748364135</Seed>
    <Components>
      <ComponentTypeEnum>Timer</ComponentTypeEnum>
      <ComponentTypeEnum>Wires</ComponentTypeEnum>
      <ComponentTypeEnum>Wires</ComponentTypeEnum>
      <ComponentTypeEnum>WireSequence</ComponentTypeEnum>
      <ComponentTypeEnum>WireSequence</ComponentTypeEnum>
      <ComponentTypeEnum>Venn</ComponentTypeEnum>
      <ComponentTypeEnum>Venn</ComponentTypeEnum>
    </Components>
    <MissionID>wireseverywhere</MissionID>
    <ModuleSolveCount>5</ModuleSolveCount>
    <TimeElapsed>300.00708</TimeElapsed>
    <LeaderboardRank>0</LeaderboardRank>
    <RealTimeElapsed>302.657227</RealTimeElapsed>
    <Strikes>
      <StrikeSource>
        <ComponentType>WireSequence</ComponentType>
        <InteractionType>PushButton</InteractionType>
        <Time>273.2465</Time>
      </StrikeSource>
      <StrikeSource xsi:nil="true" />
      <StrikeSource xsi:nil="true" />
    </Strikes>
  </GameRecord>
  <GameRecord>
    <RecordID>45</RecordID>
    <Result>ExplodedDueToTime</Result>
    <Seed>1488661184</Seed>
    <Components>
      <ComponentTypeEnum>Timer</ComponentTypeEnum>
      <ComponentTypeEnum>Wires</ComponentTypeEnum>
      <ComponentTypeEnum>Wires</ComponentTypeEnum>
      <ComponentTypeEnum>WireSequence</ComponentTypeEnum>
      <ComponentTypeEnum>WireSequence</ComponentTypeEnum>
      <ComponentTypeEnum>Venn</ComponentTypeEnum>
      <ComponentTypeEnum>Venn</ComponentTypeEnum>
    </Components>
    <MissionID>wireseverywhere</MissionID>
    <ModuleSolveCount>5</ModuleSolveCount>
    <TimeElapsed>300.001862</TimeElapsed>
    <LeaderboardRank>0</LeaderboardRank>
    <RealTimeElapsed>283.364258</RealTimeElapsed>
    <Strikes>
      <StrikeSource>
        <ComponentType>WireSequence</ComponentType>
        <InteractionType>PushButton</InteractionType>
        <Time>176.8393</Time>
      </StrikeSource>
      <StrikeSource xsi:nil="true" />
      <StrikeSource xsi:nil="true" />
    </Strikes>
  </GameRecord>
  <GameRecord>
    <RecordID>44</RecordID>
    <Result>Defused</Result>
    <Seed>861060363</Seed>
    <Components>
      <ComponentTypeEnum>Timer</ComponentTypeEnum>
      <ComponentTypeEnum>NeedyVentGas</ComponentTypeEnum>
      <ComponentTypeEnum>Keypad</ComponentTypeEnum>
      <ComponentTypeEnum>Password</ComponentTypeEnum>
      <ComponentTypeEnum>WireSequence</ComponentTypeEnum>
      <ComponentTypeEnum>NeedyCapacitor</ComponentTypeEnum>
      <ComponentTypeEnum>NeedyCapacitor</ComponentTypeEnum>
    </Components>
    <MissionID>multitasker</MissionID>
    <ModuleSolveCount>3</ModuleSolveCount>
    <TimeElapsed>191.0166</TimeElapsed>
    <LeaderboardRank>0</LeaderboardRank>
    <RealTimeElapsed>199.027344</RealTimeElapsed>
    <Strikes>
      <StrikeSource xsi:nil="true" />
    </Strikes>
  </GameRecord>
  <GameRecord>
    <RecordID>43</RecordID>
    <Result>ExplodedDueToStrikes</Result>
    <Seed>748142603</Seed>
    <Components>
      <ComponentTypeEnum>Timer</ComponentTypeEnum>
      <ComponentTypeEnum>NeedyVentGas</ComponentTypeEnum>
      <ComponentTypeEnum>Keypad</ComponentTypeEnum>
      <ComponentTypeEnum>Password</ComponentTypeEnum>
      <ComponentTypeEnum>WireSequence</ComponentTypeEnum>
      <ComponentTypeEnum>NeedyCapacitor</ComponentTypeEnum>
      <ComponentTypeEnum>NeedyCapacitor</ComponentTypeEnum>
    </Components>
    <MissionID>multitasker</MissionID>
    <ModuleSolveCount>2</ModuleSolveCount>
    <TimeElapsed>250.104523</TimeElapsed>
    <LeaderboardRank>0</LeaderboardRank>
    <RealTimeElapsed>258.102539</RealTimeElapsed>
    <Strikes>
      <StrikeSource>
        <ComponentType>NeedyCapacitor</ComponentType>
        <InteractionType>Needy</InteractionType>
        <Time>250.104523</Time>
      </StrikeSource>
    </Strikes>
  </GameRecord>
  <GameRecord>
    <RecordID>42</RecordID>
    <Result>ExplodedDueToStrikes</Result>
    <Seed>1128144770</Seed>
    <Components>
      <ComponentTypeEnum>Timer</ComponentTypeEnum>
      <ComponentTypeEnum>NeedyVentGas</ComponentTypeEnum>
      <ComponentTypeEnum>Keypad</ComponentTypeEnum>
      <ComponentTypeEnum>Password</ComponentTypeEnum>
      <ComponentTypeEnum>WireSequence</ComponentTypeEnum>
      <ComponentTypeEnum>NeedyCapacitor</ComponentTypeEnum>
      <ComponentTypeEnum>NeedyCapacitor</ComponentTypeEnum>
    </Components>
    <MissionID>multitasker</MissionID>
    <ModuleSolveCount>0</ModuleSolveCount>
    <TimeElapsed>42.37497</TimeElapsed>
    <LeaderboardRank>0</LeaderboardRank>
    <RealTimeElapsed>50.38623</RealTimeElapsed>
    <Strikes>
      <StrikeSource>
        <ComponentType>Keypad</ComponentType>
        <InteractionType>PushButton</InteractionType>
        <Time>42.37497</Time>
      </StrikeSource>
    </Strikes>
  </GameRecord>
  <GameRecord>
    <RecordID>41</RecordID>
    <Result>ExplodedDueToStrikes</Result>
    <Seed>440589680</Seed>
    <Components>
      <ComponentTypeEnum>Timer</ComponentTypeEnum>
      <ComponentTypeEnum>NeedyVentGas</ComponentTypeEnum>
      <ComponentTypeEnum>Keypad</ComponentTypeEnum>
      <ComponentTypeEnum>Password</ComponentTypeEnum>
      <ComponentTypeEnum>Maze</ComponentTypeEnum>
      <ComponentTypeEnum>NeedyCapacitor</ComponentTypeEnum>
      <ComponentTypeEnum>NeedyCapacitor</ComponentTypeEnum>
    </Components>
    <MissionID>multitasker</MissionID>
    <ModuleSolveCount>0</ModuleSolveCount>
    <TimeElapsed>48.55124</TimeElapsed>
    <LeaderboardRank>0</LeaderboardRank>
    <RealTimeElapsed>56.5546875</RealTimeElapsed>
    <Strikes>
      <StrikeSource>
        <ComponentType>Keypad</ComponentType>
        <InteractionType>PushButton</InteractionType>
        <Time>48.55124</Time>
      </StrikeSource>
    </Strikes>
  </GameRecord>
  <GameRecord>
    <RecordID>40</RecordID>
    <Result>Defused</Result>
    <Seed>547490489</Seed>
    <Components>
      <ComponentTypeEnum>Timer</ComponentTypeEnum>
      <ComponentTypeEnum>Wires</ComponentTypeEnum>
      <ComponentTypeEnum>Venn</ComponentTypeEnum>
      <ComponentTypeEnum>Memory</ComponentTypeEnum>
      <ComponentTypeEnum>Keypad</ComponentTypeEnum>
      <ComponentTypeEnum>Keypad</ComponentTypeEnum>
      <ComponentTypeEnum>NeedyKnob</ComponentTypeEnum>
    </Components>
    <MissionID>theknob</MissionID>
    <ModuleSolveCount>9</ModuleSolveCount>
    <TimeElapsed>297.521973</TimeElapsed>
    <LeaderboardRank>0</LeaderboardRank>
    <RealTimeElapsed>305.540039</RealTimeElapsed>
    <Strikes>
      <StrikeSource xsi:nil="true" />
    </Strikes>
  </GameRecord>
  <GameRecord>
    <RecordID>39</RecordID>
    <Result>ExplodedDueToStrikes</Result>
    <Seed>46817200</Seed>
    <Components>
      <ComponentTypeEnum>Timer</ComponentTypeEnum>
      <ComponentTypeEnum>Wires</ComponentTypeEnum>
      <ComponentTypeEnum>Venn</ComponentTypeEnum>
      <ComponentTypeEnum>WhosOnFirst</ComponentTypeEnum>
      <ComponentTypeEnum>Keypad</ComponentTypeEnum>
      <ComponentTypeEnum>Keypad</ComponentTypeEnum>
      <ComponentTypeEnum>NeedyKnob</ComponentTypeEnum>
    </Components>
    <MissionID>theknob</MissionID>
    <ModuleSolveCount>1</ModuleSolveCount>
    <TimeElapsed>55.633667</TimeElapsed>
    <LeaderboardRank>0</LeaderboardRank>
    <RealTimeElapsed>63.6240234</RealTimeElapsed>
    <Strikes>
      <StrikeSource>
        <ComponentType>NeedyKnob</ComponentType>
        <InteractionType>Needy</InteractionType>
        <Time>55.633667</Time>
      </StrikeSource>
    </Strikes>
  </GameRecord>
  <GameRecord>
    <RecordID>38</RecordID>
    <Result>ExplodedDueToStrikes</Result>
    <Seed>14793249</Seed>
    <Components>
      <ComponentTypeEnum>Timer</ComponentTypeEnum>
      <ComponentTypeEnum>Wires</ComponentTypeEnum>
      <ComponentTypeEnum>Venn</ComponentTypeEnum>
      <ComponentTypeEnum>WhosOnFirst</ComponentTypeEnum>
      <ComponentTypeEnum>Keypad</ComponentTypeEnum>
      <ComponentTypeEnum>Keypad</ComponentTypeEnum>
      <ComponentTypeEnum>NeedyKnob</ComponentTypeEnum>
    </Components>
    <MissionID>theknob</MissionID>
    <ModuleSolveCount>1</ModuleSolveCount>
    <TimeElapsed>62.87735</TimeElapsed>
    <LeaderboardRank>0</LeaderboardRank>
    <RealTimeElapsed>70.87109</RealTimeElapsed>
    <Strikes>
      <StrikeSource>
        <ComponentType>NeedyKnob</ComponentType>
        <InteractionType>Needy</InteractionType>
        <Time>62.87735</Time>
      </StrikeSource>
    </Strikes>
  </GameRecord>
  <GameRecord>
    <RecordID>37</RecordID>
    <Result>ExplodedDueToStrikes</Result>
    <Seed>1418103278</Seed>
    <Components>
      <ComponentTypeEnum>Timer</ComponentTypeEnum>
      <ComponentTypeEnum>Wires</ComponentTypeEnum>
      <ComponentTypeEnum>WireSequence</ComponentTypeEnum>
      <ComponentTypeEnum>WhosOnFirst</ComponentTypeEnum>
      <ComponentTypeEnum>Keypad</ComponentTypeEnum>
      <ComponentTypeEnum>Keypad</ComponentTypeEnum>
      <ComponentTypeEnum>NeedyKnob</ComponentTypeEnum>
    </Components>
    <MissionID>theknob</MissionID>
    <ModuleSolveCount>1</ModuleSolveCount>
    <TimeElapsed>63.4438477</TimeElapsed>
    <LeaderboardRank>0</LeaderboardRank>
    <RealTimeElapsed>71.4418945</RealTimeElapsed>
    <Strikes>
      <StrikeSource>
        <ComponentType>NeedyKnob</ComponentType>
        <InteractionType>Needy</InteractionType>
        <Time>63.4438477</Time>
      </StrikeSource>
    </Strikes>
  </GameRecord>
  <GameRecord>
    <RecordID>36</RecordID>
    <Result>ExplodedDueToStrikes</Result>
    <Seed>1888564174</Seed>
    <Components>
      <ComponentTypeEnum>Timer</ComponentTypeEnum>
      <ComponentTypeEnum>Wires</ComponentTypeEnum>
      <ComponentTypeEnum>WireSequence</ComponentTypeEnum>
      <ComponentTypeEnum>Memory</ComponentTypeEnum>
      <ComponentTypeEnum>Keypad</ComponentTypeEnum>
      <ComponentTypeEnum>Keypad</ComponentTypeEnum>
      <ComponentTypeEnum>NeedyKnob</ComponentTypeEnum>
    </Components>
    <MissionID>theknob</MissionID>
    <ModuleSolveCount>1</ModuleSolveCount>
    <TimeElapsed>75.2406</TimeElapsed>
    <LeaderboardRank>0</LeaderboardRank>
    <RealTimeElapsed>83.24097</RealTimeElapsed>
    <Strikes>
      <StrikeSource>
        <ComponentType>NeedyKnob</ComponentType>
        <InteractionType>Needy</InteractionType>
        <Time>75.2406</Time>
      </StrikeSource>
    </Strikes>
  </GameRecord>
  <GameRecord>
    <RecordID>35</RecordID>
    <Result>ExplodedDueToStrikes</Result>
    <Seed>97859225</Seed>
    <Components>
      <ComponentTypeEnum>Timer</ComponentTypeEnum>
      <ComponentTypeEnum>Wires</ComponentTypeEnum>
      <ComponentTypeEnum>Venn</ComponentTypeEnum>
      <ComponentTypeEnum>Memory</ComponentTypeEnum>
      <ComponentTypeEnum>Keypad</ComponentTypeEnum>
      <ComponentTypeEnum>Keypad</ComponentTypeEnum>
      <ComponentTypeEnum>NeedyKnob</ComponentTypeEnum>
    </Components>
    <MissionID>theknob</MissionID>
    <ModuleSolveCount>5</ModuleSolveCount>
    <TimeElapsed>171.822311</TimeElapsed>
    <LeaderboardRank>0</LeaderboardRank>
    <RealTimeElapsed>179.840332</RealTimeElapsed>
    <Strikes>
      <StrikeSource>
        <ComponentType>Memory</ComponentType>
        <InteractionType>PushButton</InteractionType>
        <Time>171.822311</Time>
      </StrikeSource>
    </Strikes>
  </GameRecord>
  <GameRecord>
    <RecordID>34</RecordID>
    <Result>ExplodedDueToStrikes</Result>
    <Seed>1688927255</Seed>
    <Components>
      <ComponentTypeEnum>Timer</ComponentTypeEnum>
      <ComponentTypeEnum>Wires</ComponentTypeEnum>
      <ComponentTypeEnum>WireSequence</ComponentTypeEnum>
      <ComponentTypeEnum>Memory</ComponentTypeEnum>
      <ComponentTypeEnum>Keypad</ComponentTypeEnum>
      <ComponentTypeEnum>Keypad</ComponentTypeEnum>
      <ComponentTypeEnum>NeedyKnob</ComponentTypeEnum>
    </Components>
    <MissionID>theknob</MissionID>
    <ModuleSolveCount>1</ModuleSolveCount>
    <TimeElapsed>53.24623</TimeElapsed>
    <LeaderboardRank>0</LeaderboardRank>
    <RealTimeElapsed>61.24463</RealTimeElapsed>
    <Strikes>
      <StrikeSource>
        <ComponentType>NeedyKnob</ComponentType>
        <InteractionType>Needy</InteractionType>
        <Time>53.24623</Time>
      </StrikeSource>
    </Strikes>
  </GameRecord>
  <GameRecord>
    <RecordID>33</RecordID>
    <Result>ExplodedDueToStrikes</Result>
    <Seed>1491339498</Seed>
    <Components>
      <ComponentTypeEnum>Timer</ComponentTypeEnum>
      <ComponentTypeEnum>Wires</ComponentTypeEnum>
      <ComponentTypeEnum>WireSequence</ComponentTypeEnum>
      <ComponentTypeEnum>Memory</ComponentTypeEnum>
      <ComponentTypeEnum>Keypad</ComponentTypeEnum>
      <ComponentTypeEnum>Keypad</ComponentTypeEnum>
      <ComponentTypeEnum>NeedyKnob</ComponentTypeEnum>
    </Components>
    <MissionID>theknob</MissionID>
    <ModuleSolveCount>2</ModuleSolveCount>
    <TimeElapsed>60.4348755</TimeElapsed>
    <LeaderboardRank>0</LeaderboardRank>
    <RealTimeElapsed>68.43262</RealTimeElapsed>
    <Strikes>
      <StrikeSource>
        <ComponentType>NeedyKnob</ComponentType>
        <InteractionType>Needy</InteractionType>
        <Time>60.4348755</Time>
      </StrikeSource>
    </Strikes>
  </GameRecord>
  <GameRecord>
    <RecordID>32</RecordID>
    <Result>ExplodedDueToStrikes</Result>
    <Seed>1180069543</Seed>
    <Components>
      <ComponentTypeEnum>Timer</ComponentTypeEnum>
      <ComponentTypeEnum>Wires</ComponentTypeEnum>
      <ComponentTypeEnum>WireSequence</ComponentTypeEnum>
      <ComponentTypeEnum>Memory</ComponentTypeEnum>
      <ComponentTypeEnum>Keypad</ComponentTypeEnum>
      <ComponentTypeEnum>Keypad</ComponentTypeEnum>
      <ComponentTypeEnum>NeedyKnob</ComponentTypeEnum>
    </Components>
    <MissionID>theknob</MissionID>
    <ModuleSolveCount>2</ModuleSolveCount>
    <TimeElapsed>99.62187</TimeElapsed>
    <LeaderboardRank>0</LeaderboardRank>
    <RealTimeElapsed>107.619141</RealTimeElapsed>
    <Strikes>
      <StrikeSource>
        <ComponentType>NeedyKnob</ComponentType>
        <InteractionType>Needy</InteractionType>
        <Time>99.62187</Time>
      </StrikeSource>
    </Strikes>
  </GameRecord>
  <GameRecord>
    <RecordID>31</RecordID>
    <Result>Incomplete</Result>
    <Seed>533491957</Seed>
    <Components>
      <ComponentTypeEnum>Timer</ComponentTypeEnum>
      <ComponentTypeEnum>Wires</ComponentTypeEnum>
      <ComponentTypeEnum>Venn</ComponentTypeEnum>
      <ComponentTypeEnum>Memory</ComponentTypeEnum>
      <ComponentTypeEnum>Keypad</ComponentTypeEnum>
      <ComponentTypeEnum>Keypad</ComponentTypeEnum>
      <ComponentTypeEnum>NeedyKnob</ComponentTypeEnum>
    </Components>
    <MissionID>theknob</MissionID>
    <ModuleSolveCount>0</ModuleSolveCount>
    <TimeElapsed>0</TimeElapsed>
    <LeaderboardRank>0</LeaderboardRank>
    <RealTimeElapsed>0</RealTimeElapsed>
    <Strikes>
      <StrikeSource xsi:nil="true" />
    </Strikes>
  </GameRecord>
  <GameRecord>
    <RecordID>30</RecordID>
    <Result>Defused</Result>
    <Seed>2121607393</Seed>
    <Components>
      <ComponentTypeEnum>Timer</ComponentTypeEnum>
      <ComponentTypeEnum>BigButton</ComponentTypeEnum>
      <ComponentTypeEnum>Keypad</ComponentTypeEnum>
      <ComponentTypeEnum>WhosOnFirst</ComponentTypeEnum>
      <ComponentTypeEnum>Simon</ComponentTypeEnum>
      <ComponentTypeEnum>NeedyVentGas</ComponentTypeEnum>
    </Components>
    <MissionID>payattention</MissionID>
    <ModuleSolveCount>4</ModuleSolveCount>
    <TimeElapsed>198.781586</TimeElapsed>
    <LeaderboardRank>0</LeaderboardRank>
    <RealTimeElapsed>206.7981</RealTimeElapsed>
    <Strikes>
      <StrikeSource xsi:nil="true" />
    </Strikes>
  </GameRecord>
  <GameRecord>
    <RecordID>29</RecordID>
    <Result>Defused</Result>
    <Seed>524777862</Seed>
    <Components>
      <ComponentTypeEnum>Timer</ComponentTypeEnum>
      <ComponentTypeEnum>BigButton</ComponentTypeEnum>
      <ComponentTypeEnum>BigButton</ComponentTypeEnum>
      <ComponentTypeEnum>Wires</ComponentTypeEnum>
      <ComponentTypeEnum>Keypad</ComponentTypeEnum>
      <ComponentTypeEnum>NeedyCapacitor</ComponentTypeEnum>
      <ComponentTypeEnum>Venn</ComponentTypeEnum>
    </Components>
    <MissionID>asmallwrinkle</MissionID>
    <ModuleSolveCount>5</ModuleSolveCount>
    <TimeElapsed>185.4403</TimeElapsed>
    <LeaderboardRank>0</LeaderboardRank>
    <RealTimeElapsed>193.447021</RealTimeElapsed>
    <Strikes>
      <StrikeSource xsi:nil="true" />
    </Strikes>
  </GameRecord>
  <GameRecord>
    <RecordID>28</RecordID>
    <Result>ExplodedDueToStrikes</Result>
    <Seed>1361815287</Seed>
    <Components>
      <ComponentTypeEnum>Timer</ComponentTypeEnum>
      <ComponentTypeEnum>BigButton</ComponentTypeEnum>
      <ComponentTypeEnum>Keypad</ComponentTypeEnum>
      <ComponentTypeEnum>Wires</ComponentTypeEnum>
      <ComponentTypeEnum>Keypad</ComponentTypeEnum>
      <ComponentTypeEnum>NeedyCapacitor</ComponentTypeEnum>
      <ComponentTypeEnum>Venn</ComponentTypeEnum>
    </Components>
    <MissionID>asmallwrinkle</MissionID>
    <ModuleSolveCount>2</ModuleSolveCount>
    <TimeElapsed>63.07628</TimeElapsed>
    <LeaderboardRank>0</LeaderboardRank>
    <RealTimeElapsed>71.07471</RealTimeElapsed>
    <Strikes>
      <StrikeSource>
        <ComponentType>NeedyCapacitor</ComponentType>
        <InteractionType>Needy</InteractionType>
        <Time>63.07628</Time>
      </StrikeSource>
    </Strikes>
  </GameRecord>
  <GameRecord>
    <RecordID>27</RecordID>
    <Result>Defused</Result>
    <Seed>848220655</Seed>
    <Components>
      <ComponentTypeEnum>Timer</ComponentTypeEnum>
      <ComponentTypeEnum>BigButton</ComponentTypeEnum>
      <ComponentTypeEnum>Wires</ComponentTypeEnum>
      <ComponentTypeEnum>Keypad</ComponentTypeEnum>
      <ComponentTypeEnum>Simon</ComponentTypeEnum>
      <ComponentTypeEnum>Venn</ComponentTypeEnum>
      <ComponentTypeEnum>Memory</ComponentTypeEnum>
      <ComponentTypeEnum>Password</ComponentTypeEnum>
      <ComponentTypeEnum>WireSequence</ComponentTypeEnum>
    </Components>
    <MissionID>eightminutes</MissionID>
    <ModuleSolveCount>8</ModuleSolveCount>
    <TimeElapsed>460.071747</TimeElapsed>
    <LeaderboardRank>0</LeaderboardRank>
    <RealTimeElapsed>403.38208</RealTimeElapsed>
    <Strikes>
      <StrikeSource>
        <ComponentType>Memory</ComponentType>
        <InteractionType>PushButton</InteractionType>
        <Time>175.516632</Time>
      </StrikeSource>
      <StrikeSource>
        <ComponentType>WireSequence</ComponentType>
        <InteractionType>CutWire</InteractionType>
        <Time>401.6498</Time>
      </StrikeSource>
      <StrikeSource xsi:nil="true" />
    </Strikes>
  </GameRecord>
  <GameRecord>
    <RecordID>26</RecordID>
    <Result>Defused</Result>
    <Seed>850036905</Seed>
    <Components>
      <ComponentTypeEnum>Timer</ComponentTypeEnum>
      <ComponentTypeEnum>Wires</ComponentTypeEnum>
      <ComponentTypeEnum>Wires</ComponentTypeEnum>
      <ComponentTypeEnum>Keypad</ComponentTypeEnum>
      <ComponentTypeEnum>Memory</ComponentTypeEnum>
      <ComponentTypeEnum>WhosOnFirst</ComponentTypeEnum>
    </Components>
    <MissionID>noroomforerror</MissionID>
    <ModuleSolveCount>5</ModuleSolveCount>
    <TimeElapsed>150.201462</TimeElapsed>
    <LeaderboardRank>0</LeaderboardRank>
    <RealTimeElapsed>158.210449</RealTimeElapsed>
    <Strikes>
      <StrikeSource xsi:nil="true" />
    </Strikes>
  </GameRecord>
  <GameRecord>
    <RecordID>25</RecordID>
    <Result>ExplodedDueToStrikes</Result>
    <Seed>983725142</Seed>
    <Components>
      <ComponentTypeEnum>Timer</ComponentTypeEnum>
      <ComponentTypeEnum>BigButton</ComponentTypeEnum>
      <ComponentTypeEnum>Wires</ComponentTypeEnum>
      <ComponentTypeEnum>Wires</ComponentTypeEnum>
      <ComponentTypeEnum>Memory</ComponentTypeEnum>
      <ComponentTypeEnum>WhosOnFirst</ComponentTypeEnum>
    </Components>
    <MissionID>noroomforerror</MissionID>
    <ModuleSolveCount>3</ModuleSolveCount>
    <TimeElapsed>137.996689</TimeElapsed>
    <LeaderboardRank>0</LeaderboardRank>
    <RealTimeElapsed>146.002441</RealTimeElapsed>
    <Strikes>
      <StrikeSource>
        <ComponentType>BigButton</ComponentType>
        <InteractionType>BigButton</InteractionType>
        <Time>137.996689</Time>
      </StrikeSource>
    </Strikes>
  </GameRecord>
  <GameRecord>
    <RecordID>24</RecordID>
    <Result>Defused</Result>
    <Seed>1464186711</Seed>
    <Components>
      <ComponentTypeEnum>Timer</ComponentTypeEnum>
      <ComponentTypeEnum>BigButton</ComponentTypeEnum>
      <ComponentTypeEnum>Keypad</ComponentTypeEnum>
      <ComponentTypeEnum>Wires</ComponentTypeEnum>
      <ComponentTypeEnum>Wires</ComponentTypeEnum>
      <ComponentTypeEnum>Maze</ComponentTypeEnum>
    </Components>
    <MissionID>pickupthepacetwo</MissionID>
    <ModuleSolveCount>5</ModuleSolveCount>
    <TimeElapsed>124.499557</TimeElapsed>
    <LeaderboardRank>0</LeaderboardRank>
    <RealTimeElapsed>131.856079</RealTimeElapsed>
    <Strikes>
      <StrikeSource>
        <ComponentType>Maze</ComponentType>
        <InteractionType>PushButton</InteractionType>
        <Time>121.23143</Time>
      </StrikeSource>
      <StrikeSource xsi:nil="true" />
      <StrikeSource xsi:nil="true" />
    </Strikes>
  </GameRecord>
  <GameRecord>
    <RecordID>23</RecordID>
    <Result>ExplodedDueToTime</Result>
    <Seed>1943596468</Seed>
    <Components>
      <ComponentTypeEnum>Timer</ComponentTypeEnum>
      <ComponentTypeEnum>BigButton</ComponentTypeEnum>
      <ComponentTypeEnum>Keypad</ComponentTypeEnum>
      <ComponentTypeEnum>Wires</ComponentTypeEnum>
      <ComponentTypeEnum>Wires</ComponentTypeEnum>
      <ComponentTypeEnum>Maze</ComponentTypeEnum>
    </Components>
    <MissionID>pickupthepacetwo</MissionID>
    <ModuleSolveCount>4</ModuleSolveCount>
    <TimeElapsed>150.004715</TimeElapsed>
    <LeaderboardRank>0</LeaderboardRank>
    <RealTimeElapsed>134.782715</RealTimeElapsed>
    <Strikes>
      <StrikeSource>
        <ComponentType>Wires</ComponentType>
        <InteractionType>CutWire</InteractionType>
        <Time>33.9466324</Time>
      </StrikeSource>
      <StrikeSource xsi:nil="true" />
      <StrikeSource xsi:nil="true" />
    </Strikes>
  </GameRecord>
  <GameRecord>
    <RecordID>22</RecordID>
    <Result>ExplodedDueToStrikes</Result>
    <Seed>1578808958</Seed>
    <Components>
      <ComponentTypeEnum>Timer</ComponentTypeEnum>
      <ComponentTypeEnum>BigButton</ComponentTypeEnum>
      <ComponentTypeEnum>BigButton</ComponentTypeEnum>
      <ComponentTypeEnum>Keypad</ComponentTypeEnum>
      <ComponentTypeEnum>Wires</ComponentTypeEnum>
      <ComponentTypeEnum>Maze</ComponentTypeEnum>
    </Components>
    <MissionID>pickupthepacetwo</MissionID>
    <ModuleSolveCount>2</ModuleSolveCount>
    <TimeElapsed>82.6056061</TimeElapsed>
    <LeaderboardRank>0</LeaderboardRank>
    <RealTimeElapsed>80.7229</RealTimeElapsed>
    <Strikes>
      <StrikeSource>
        <ComponentType>BigButton</ComponentType>
        <InteractionType>BigButton</InteractionType>
        <Time>44.54889</Time>
      </StrikeSource>
      <StrikeSource>
        <ComponentType>BigButton</ComponentType>
        <InteractionType>BigButton</InteractionType>
        <Time>65.43963</Time>
      </StrikeSource>
      <StrikeSource>
        <ComponentType>BigButton</ComponentType>
        <InteractionType>BigButton</InteractionType>
        <Time>82.6056061</Time>
      </StrikeSource>
    </Strikes>
  </GameRecord>
  <GameRecord>
    <RecordID>21</RecordID>
    <Result>Defused</Result>
    <Seed>1933951710</Seed>
    <Components>
      <ComponentTypeEnum>Timer</ComponentTypeEnum>
      <ComponentTypeEnum>BigButton</ComponentTypeEnum>
      <ComponentTypeEnum>Keypad</ComponentTypeEnum>
      <ComponentTypeEnum>Venn</ComponentTypeEnum>
      <ComponentTypeEnum>Morse</ComponentTypeEnum>
      <ComponentTypeEnum>WhosOnFirst</ComponentTypeEnum>
    </Components>
    <MissionID>fairgame</MissionID>
    <ModuleSolveCount>5</ModuleSolveCount>
    <TimeElapsed>195.41861</TimeElapsed>
    <LeaderboardRank>0</LeaderboardRank>
    <RealTimeElapsed>203.430176</RealTimeElapsed>
    <Strikes>
      <StrikeSource xsi:nil="true" />
      <StrikeSource xsi:nil="true" />
      <StrikeSource xsi:nil="true" />
    </Strikes>
  </GameRecord>
  <GameRecord>
    <RecordID>20</RecordID>
    <Result>ExplodedDueToStrikes</Result>
    <Seed>2051405402</Seed>
    <Components>
      <ComponentTypeEnum>Timer</ComponentTypeEnum>
      <ComponentTypeEnum>BigButton</ComponentTypeEnum>
      <ComponentTypeEnum>Memory</ComponentTypeEnum>
      <ComponentTypeEnum>Venn</ComponentTypeEnum>
      <ComponentTypeEnum>Morse</ComponentTypeEnum>
      <ComponentTypeEnum>WhosOnFirst</ComponentTypeEnum>
    </Components>
    <MissionID>fairgame</MissionID>
    <ModuleSolveCount>1</ModuleSolveCount>
    <TimeElapsed>166.167191</TimeElapsed>
    <LeaderboardRank>0</LeaderboardRank>
    <RealTimeElapsed>146.157715</RealTimeElapsed>
    <Strikes>
      <StrikeSource>
        <ComponentType>Morse</ComponentType>
        <InteractionType>PushButton</InteractionType>
        <Time>51.27124</Time>
      </StrikeSource>
      <StrikeSource>
        <ComponentType>WhosOnFirst</ComponentType>
        <InteractionType>PushButton</InteractionType>
        <Time>128.333237</Time>
      </StrikeSource>
      <StrikeSource>
        <ComponentType>WhosOnFirst</ComponentType>
        <InteractionType>PushButton</InteractionType>
        <Time>166.167191</Time>
      </StrikeSource>
    </Strikes>
  </GameRecord>
  <GameRecord>
    <RecordID>19</RecordID>
    <Result>ExplodedDueToStrikes</Result>
    <Seed>1940888026</Seed>
    <Components>
      <ComponentTypeEnum>Timer</ComponentTypeEnum>
      <ComponentTypeEnum>Wires</ComponentTypeEnum>
      <ComponentTypeEnum>Maze</ComponentTypeEnum>
      <ComponentTypeEnum>WireSequence</ComponentTypeEnum>
      <ComponentTypeEnum>Morse</ComponentTypeEnum>
      <ComponentTypeEnum>WhosOnFirst</ComponentTypeEnum>
    </Components>
    <MissionID>fairgame</MissionID>
    <ModuleSolveCount>4</ModuleSolveCount>
    <TimeElapsed>293.477051</TimeElapsed>
    <LeaderboardRank>0</LeaderboardRank>
    <RealTimeElapsed>295.7662</RealTimeElapsed>
    <Strikes>
      <StrikeSource>
        <ComponentType>WireSequence</ComponentType>
        <InteractionType>CutWire</InteractionType>
        <Time>272.779358</Time>
      </StrikeSource>
      <StrikeSource>
        <ComponentType>WireSequence</ComponentType>
        <InteractionType>CutWire</InteractionType>
        <Time>281.63266</Time>
      </StrikeSource>
      <StrikeSource>
        <ComponentType>WireSequence</ComponentType>
        <InteractionType>CutWire</InteractionType>
        <Time>293.477051</Time>
      </StrikeSource>
    </Strikes>
  </GameRecord>
  <GameRecord>
    <RecordID>18</RecordID>
    <Result>ExplodedDueToStrikes</Result>
    <Seed>1224904869</Seed>
    <Components>
      <ComponentTypeEnum>Timer</ComponentTypeEnum>
      <ComponentTypeEnum>Memory</ComponentTypeEnum>
      <ComponentTypeEnum>Maze</ComponentTypeEnum>
      <ComponentTypeEnum>Venn</ComponentTypeEnum>
      <ComponentTypeEnum>Morse</ComponentTypeEnum>
      <ComponentTypeEnum>Memory</ComponentTypeEnum>
    </Components>
    <MissionID>fairgame</MissionID>
    <ModuleSolveCount>4</ModuleSolveCount>
    <TimeElapsed>273.21463</TimeElapsed>
    <LeaderboardRank>0</LeaderboardRank>
    <RealTimeElapsed>252.347137</RealTimeElapsed>
    <Strikes>
      <StrikeSource>
        <ComponentType>Memory</ComponentType>
        <InteractionType>PushButton</InteractionType>
        <Time>130.152939</Time>
      </StrikeSource>
      <StrikeSource>
        <ComponentType>Morse</ComponentType>
        <InteractionType>PushButton</InteractionType>
        <Time>271.1542</Time>
      </StrikeSource>
      <StrikeSource>
        <ComponentType>Morse</ComponentType>
        <InteractionType>PushButton</InteractionType>
        <Time>273.21463</Time>
      </StrikeSource>
    </Strikes>
  </GameRecord>
  <GameRecord>
    <RecordID>17</RecordID>
    <Result>Defused</Result>
    <Seed>49997501</Seed>
    <Components>
      <ComponentTypeEnum>Timer</ComponentTypeEnum>
      <ComponentTypeEnum>WhosOnFirst</ComponentTypeEnum>
      <ComponentTypeEnum>Venn</ComponentTypeEnum>
      <ComponentTypeEnum>Password</ComponentTypeEnum>
      <ComponentTypeEnum>Keypad</ComponentTypeEnum>
    </Components>
    <MissionID>giantleap</MissionID>
    <ModuleSolveCount>4</ModuleSolveCount>
    <TimeElapsed>262.7437</TimeElapsed>
    <LeaderboardRank>0</LeaderboardRank>
    <RealTimeElapsed>225.72168</RealTimeElapsed>
    <Strikes>
      <StrikeSource>
        <ComponentType>WhosOnFirst</ComponentType>
        <InteractionType>PushButton</InteractionType>
        <Time>37.4498</Time>
      </StrikeSource>
      <StrikeSource xsi:nil="true" />
      <StrikeSource xsi:nil="true" />
    </Strikes>
  </GameRecord>
  <GameRecord>
    <RecordID>16</RecordID>
    <Result>ExplodedDueToStrikes</Result>
    <Seed>435995935</Seed>
    <Components>
      <ComponentTypeEnum>Timer</ComponentTypeEnum>
      <ComponentTypeEnum>BigButton</ComponentTypeEnum>
      <ComponentTypeEnum>Maze</ComponentTypeEnum>
      <ComponentTypeEnum>Morse</ComponentTypeEnum>
      <ComponentTypeEnum>Venn</ComponentTypeEnum>
    </Components>
    <MissionID>giantleap</MissionID>
    <ModuleSolveCount>3</ModuleSolveCount>
    <TimeElapsed>279.713043</TimeElapsed>
    <LeaderboardRank>0</LeaderboardRank>
    <RealTimeElapsed>272.461426</RealTimeElapsed>
    <Strikes>
      <StrikeSource>
        <ComponentType>Venn</ComponentType>
        <InteractionType>CutWire</InteractionType>
        <Time>213.814514</Time>
      </StrikeSource>
      <StrikeSource>
        <ComponentType>Venn</ComponentType>
        <InteractionType>CutWire</InteractionType>
        <Time>263.960144</Time>
      </StrikeSource>
      <StrikeSource>
        <ComponentType>Morse</ComponentType>
        <InteractionType>PushButton</InteractionType>
        <Time>279.713043</Time>
      </StrikeSource>
    </Strikes>
  </GameRecord>
  <GameRecord>
    <RecordID>15</RecordID>
    <Result>ExplodedDueToStrikes</Result>
    <Seed>1140896537</Seed>
    <Components>
      <ComponentTypeEnum>Timer</ComponentTypeEnum>
      <ComponentTypeEnum>BigButton</ComponentTypeEnum>
      <ComponentTypeEnum>Memory</ComponentTypeEnum>
      <ComponentTypeEnum>Venn</ComponentTypeEnum>
      <ComponentTypeEnum>Password</ComponentTypeEnum>
    </Components>
    <MissionID>giantleap</MissionID>
    <ModuleSolveCount>3</ModuleSolveCount>
    <TimeElapsed>297.158783</TimeElapsed>
    <LeaderboardRank>0</LeaderboardRank>
    <RealTimeElapsed>276.125244</RealTimeElapsed>
    <Strikes>
      <StrikeSource>
        <ComponentType>Venn</ComponentType>
        <InteractionType>CutWire</InteractionType>
        <Time>154.652573</Time>
      </StrikeSource>
      <StrikeSource>
        <ComponentType>Password</ComponentType>
        <InteractionType>PushButton</InteractionType>
        <Time>292.8589</Time>
      </StrikeSource>
      <StrikeSource>
        <ComponentType>Password</ComponentType>
        <InteractionType>PushButton</InteractionType>
        <Time>297.158783</Time>
      </StrikeSource>
    </Strikes>
  </GameRecord>
  <GameRecord>
    <RecordID>14</RecordID>
    <Result>ExplodedDueToStrikes</Result>
    <Seed>1504696083</Seed>
    <Components>
      <ComponentTypeEnum>Timer</ComponentTypeEnum>
      <ComponentTypeEnum>BigButton</ComponentTypeEnum>
      <ComponentTypeEnum>Maze</ComponentTypeEnum>
      <ComponentTypeEnum>WireSequence</ComponentTypeEnum>
      <ComponentTypeEnum>Venn</ComponentTypeEnum>
    </Components>
    <MissionID>giantleap</MissionID>
    <ModuleSolveCount>3</ModuleSolveCount>
    <TimeElapsed>295.230042</TimeElapsed>
    <LeaderboardRank>0</LeaderboardRank>
    <RealTimeElapsed>299.044678</RealTimeElapsed>
    <Strikes>
      <StrikeSource>
        <ComponentType>WireSequence</ComponentType>
        <InteractionType>CutWire</InteractionType>
        <Time>282.217468</Time>
      </StrikeSource>
      <StrikeSource>
        <ComponentType>WireSequence</ComponentType>
        <InteractionType>CutWire</InteractionType>
        <Time>283.029236</Time>
      </StrikeSource>
      <StrikeSource>
        <ComponentType>WireSequence</ComponentType>
        <InteractionType>CutWire</InteractionType>
        <Time>295.230042</Time>
      </StrikeSource>
    </Strikes>
  </GameRecord>
  <GameRecord>
    <RecordID>13</RecordID>
    <Result>Defused</Result>
    <Seed>1569099898</Seed>
    <Components>
      <ComponentTypeEnum>Timer</ComponentTypeEnum>
      <ComponentTypeEnum>Wires</ComponentTypeEnum>
      <ComponentTypeEnum>Venn</ComponentTypeEnum>
      <ComponentTypeEnum>Memory</ComponentTypeEnum>
    </Components>
    <MissionID>somethingsdifferent</MissionID>
    <ModuleSolveCount>3</ModuleSolveCount>
    <TimeElapsed>132.517975</TimeElapsed>
    <LeaderboardRank>0</LeaderboardRank>
    <RealTimeElapsed>140.5542</RealTimeElapsed>
    <Strikes>
      <StrikeSource xsi:nil="true" />
      <StrikeSource xsi:nil="true" />
      <StrikeSource xsi:nil="true" />
    </Strikes>
  </GameRecord>
  <GameRecord>
    <RecordID>12</RecordID>
    <Result>Incomplete</Result>
    <Seed>2008413045</Seed>
    <Components>
      <ComponentTypeEnum>Timer</ComponentTypeEnum>
      <ComponentTypeEnum>Wires</ComponentTypeEnum>
      <ComponentTypeEnum>Venn</ComponentTypeEnum>
      <ComponentTypeEnum>Simon</ComponentTypeEnum>
    </Components>
    <MissionID>somethingsdifferent</MissionID>
    <ModuleSolveCount>0</ModuleSolveCount>
    <TimeElapsed>0</TimeElapsed>
    <LeaderboardRank>0</LeaderboardRank>
    <RealTimeElapsed>0</RealTimeElapsed>
    <Strikes>
      <StrikeSource xsi:nil="true" />
      <StrikeSource xsi:nil="true" />
      <StrikeSource xsi:nil="true" />
    </Strikes>
  </GameRecord>
  <GameRecord>
    <RecordID>11</RecordID>
    <Result>ExplodedDueToStrikes</Result>
    <Seed>1223437533</Seed>
    <Components>
      <ComponentTypeEnum>Timer</ComponentTypeEnum>
      <ComponentTypeEnum>Wires</ComponentTypeEnum>
      <ComponentTypeEnum>Venn</ComponentTypeEnum>
      <ComponentTypeEnum>Memory</ComponentTypeEnum>
    </Components>
    <MissionID>somethingsdifferent</MissionID>
    <ModuleSolveCount>2</ModuleSolveCount>
    <TimeElapsed>281.8328</TimeElapsed>
    <LeaderboardRank>0</LeaderboardRank>
    <RealTimeElapsed>281.577637</RealTimeElapsed>
    <Strikes>
      <StrikeSource>
        <ComponentType>Memory</ComponentType>
        <InteractionType>PushButton</InteractionType>
        <Time>254.616516</Time>
      </StrikeSource>
      <StrikeSource>
        <ComponentType>Memory</ComponentType>
        <InteractionType>PushButton</InteractionType>
        <Time>260.531647</Time>
      </StrikeSource>
      <StrikeSource>
        <ComponentType>Memory</ComponentType>
        <InteractionType>PushButton</InteractionType>
        <Time>281.8328</Time>
      </StrikeSource>
    </Strikes>
  </GameRecord>
  <GameRecord>
    <RecordID>10</RecordID>
    <Result>ExplodedDueToStrikes</Result>
    <Seed>1610928226</Seed>
    <Components>
      <ComponentTypeEnum>Timer</ComponentTypeEnum>
      <ComponentTypeEnum>Wires</ComponentTypeEnum>
      <ComponentTypeEnum>Venn</ComponentTypeEnum>
      <ComponentTypeEnum>Memory</ComponentTypeEnum>
    </Components>
    <MissionID>somethingsdifferent</MissionID>
    <ModuleSolveCount>1</ModuleSolveCount>
    <TimeElapsed>271.8133</TimeElapsed>
    <LeaderboardRank>0</LeaderboardRank>
    <RealTimeElapsed>277.14917</RealTimeElapsed>
    <Strikes>
      <StrikeSource>
        <ComponentType>Memory</ComponentType>
        <InteractionType>PushButton</InteractionType>
        <Time>258.748779</Time>
      </StrikeSource>
      <StrikeSource>
        <ComponentType>Wires</ComponentType>
        <InteractionType>CutWire</InteractionType>
        <Time>271.062</Time>
      </StrikeSource>
      <StrikeSource>
        <ComponentType>Wires</ComponentType>
        <InteractionType>CutWire</InteractionType>
        <Time>271.8133</Time>
      </StrikeSource>
    </Strikes>
  </GameRecord>
  <GameRecord>
    <RecordID>9</RecordID>
    <Result>ExplodedDueToStrikes</Result>
    <Seed>86808082</Seed>
    <Components>
      <ComponentTypeEnum>Timer</ComponentTypeEnum>
      <ComponentTypeEnum>Wires</ComponentTypeEnum>
      <ComponentTypeEnum>WireSequence</ComponentTypeEnum>
      <ComponentTypeEnum>Simon</ComponentTypeEnum>
    </Components>
    <MissionID>somethingsdifferent</MissionID>
    <ModuleSolveCount>2</ModuleSolveCount>
    <TimeElapsed>211.8472</TimeElapsed>
    <LeaderboardRank>0</LeaderboardRank>
    <RealTimeElapsed>197.072266</RealTimeElapsed>
    <Strikes>
      <StrikeSource>
        <ComponentType>WireSequence</ComponentType>
        <InteractionType>CutWire</InteractionType>
        <Time>136.115814</Time>
      </StrikeSource>
      <StrikeSource>
        <ComponentType>WireSequence</ComponentType>
        <InteractionType>CutWire</InteractionType>
        <Time>154.471481</Time>
      </StrikeSource>
      <StrikeSource>
        <ComponentType>WireSequence</ComponentType>
        <InteractionType>PushButton</InteractionType>
        <Time>211.8472</Time>
      </StrikeSource>
    </Strikes>
  </GameRecord>
  <GameRecord>
    <RecordID>8</RecordID>
    <Result>Defused</Result>
    <Seed>1395066148</Seed>
    <Components>
      <ComponentTypeEnum>Timer</ComponentTypeEnum>
      <ComponentTypeEnum>WhosOnFirst</ComponentTypeEnum>
      <ComponentTypeEnum>Wires</ComponentTypeEnum>
      <ComponentTypeEnum>Morse</ComponentTypeEnum>
    </Components>
    <MissionID>ahiddenmessage</MissionID>
    <ModuleSolveCount>3</ModuleSolveCount>
    <TimeElapsed>229.5988</TimeElapsed>
    <LeaderboardRank>0</LeaderboardRank>
    <RealTimeElapsed>237.625</RealTimeElapsed>
    <Strikes>
      <StrikeSource xsi:nil="true" />
      <StrikeSource xsi:nil="true" />
      <StrikeSource xsi:nil="true" />
    </Strikes>
  </GameRecord>
  <GameRecord>
    <RecordID>7</RecordID>
    <Result>Incomplete</Result>
    <Seed>1358305278</Seed>
    <Components>
      <ComponentTypeEnum>Timer</ComponentTypeEnum>
      <ComponentTypeEnum>Simon</ComponentTypeEnum>
      <ComponentTypeEnum>Wires</ComponentTypeEnum>
      <ComponentTypeEnum>Morse</ComponentTypeEnum>
    </Components>
    <MissionID>ahiddenmessage</MissionID>
    <ModuleSolveCount>2</ModuleSolveCount>
    <TimeElapsed>0</TimeElapsed>
    <LeaderboardRank>0</LeaderboardRank>
    <RealTimeElapsed>0</RealTimeElapsed>
    <Strikes>
      <StrikeSource xsi:nil="true" />
      <StrikeSource xsi:nil="true" />
      <StrikeSource xsi:nil="true" />
    </Strikes>
  </GameRecord>
  <GameRecord>
    <RecordID>6</RecordID>
    <Result>Defused</Result>
    <Seed>1504070581</Seed>
    <Components>
      <ComponentTypeEnum>Timer</ComponentTypeEnum>
      <ComponentTypeEnum>Wires</ComponentTypeEnum>
      <ComponentTypeEnum>Simon</ComponentTypeEnum>
      <ComponentTypeEnum>Maze</ComponentTypeEnum>
    </Components>
    <MissionID>pickupthepace</MissionID>
    <ModuleSolveCount>3</ModuleSolveCount>
    <TimeElapsed>120.6319</TimeElapsed>
    <LeaderboardRank>0</LeaderboardRank>
    <RealTimeElapsed>128.663208</RealTimeElapsed>
    <Strikes>
      <StrikeSource xsi:nil="true" />
      <StrikeSource xsi:nil="true" />
      <StrikeSource xsi:nil="true" />
    </Strikes>
  </GameRecord>
  <GameRecord>
    <RecordID>5</RecordID>
    <Result>Defused</Result>
    <Seed>361880617</Seed>
    <Components>
      <ComponentTypeEnum>Timer</ComponentTypeEnum>
      <ComponentTypeEnum>BigButton</ComponentTypeEnum>
      <ComponentTypeEnum>Keypad</ComponentTypeEnum>
      <ComponentTypeEnum>WhosOnFirst</ComponentTypeEnum>
      <ComponentTypeEnum>Simon</ComponentTypeEnum>
    </Components>
    <MissionID>onestepup</MissionID>
    <ModuleSolveCount>4</ModuleSolveCount>
    <TimeElapsed>129.082458</TimeElapsed>
    <LeaderboardRank>0</LeaderboardRank>
    <RealTimeElapsed>137.110962</RealTimeElapsed>
    <Strikes>
      <StrikeSource xsi:nil="true" />
      <StrikeSource xsi:nil="true" />
      <StrikeSource xsi:nil="true" />
    </Strikes>
  </GameRecord>
  <GameRecord>
    <RecordID>4</RecordID>
    <Result>Defused</Result>
    <Seed>1867726440</Seed>
    <Components>
      <ComponentTypeEnum>Timer</ComponentTypeEnum>
      <ComponentTypeEnum>BigButton</ComponentTypeEnum>
      <ComponentTypeEnum>BigButton</ComponentTypeEnum>
      <ComponentTypeEnum>Wires</ComponentTypeEnum>
      <ComponentTypeEnum>Wires</ComponentTypeEnum>
      <ComponentTypeEnum>Keypad</ComponentTypeEnum>
      <ComponentTypeEnum>Keypad</ComponentTypeEnum>
    </Components>
    <MissionID>doubleyourmoney</MissionID>
    <ModuleSolveCount>6</ModuleSolveCount>
    <TimeElapsed>154.5122</TimeElapsed>
    <LeaderboardRank>0</LeaderboardRank>
    <RealTimeElapsed>161.587891</RealTimeElapsed>
    <Strikes>
      <StrikeSource>
        <ComponentType>Keypad</ComponentType>
        <InteractionType>PushButton</InteractionType>
        <Time>149.699936</Time>
      </StrikeSource>
      <StrikeSource xsi:nil="true" />
      <StrikeSource xsi:nil="true" />
    </Strikes>
  </GameRecord>
  <GameRecord>
    <RecordID>3</RecordID>
    <Result>Defused</Result>
    <Seed>1002998155</Seed>
    <Components>
      <ComponentTypeEnum>Timer</ComponentTypeEnum>
      <ComponentTypeEnum>BigButton</ComponentTypeEnum>
      <ComponentTypeEnum>Keypad</ComponentTypeEnum>
      <ComponentTypeEnum>Memory</ComponentTypeEnum>
    </Components>
    <MissionID>somethingoldsomethingnew</MissionID>
    <ModuleSolveCount>3</ModuleSolveCount>
    <TimeElapsed>114.182236</TimeElapsed>
    <LeaderboardRank>0</LeaderboardRank>
    <RealTimeElapsed>122.212891</RealTimeElapsed>
    <Strikes>
      <StrikeSource xsi:nil="true" />
      <StrikeSource xsi:nil="true" />
      <StrikeSource xsi:nil="true" />
    </Strikes>
  </GameRecord>
  <GameRecord>
    <RecordID>2</RecordID>
    <Result>ExplodedDueToTime</Result>
    <Seed>543685516</Seed>
    <Components>
      <ComponentTypeEnum>Timer</ComponentTypeEnum>
      <ComponentTypeEnum>BigButton</ComponentTypeEnum>
      <ComponentTypeEnum>Keypad</ComponentTypeEnum>
      <ComponentTypeEnum>Maze</ComponentTypeEnum>
    </Components>
    <MissionID>somethingoldsomethingnew</MissionID>
    <ModuleSolveCount>1</ModuleSolveCount>
    <TimeElapsed>300.016754</TimeElapsed>
    <LeaderboardRank>0</LeaderboardRank>
    <RealTimeElapsed>308.0223</RealTimeElapsed>
    <Strikes>
      <StrikeSource xsi:nil="true" />
      <StrikeSource xsi:nil="true" />
      <StrikeSource xsi:nil="true" />
    </Strikes>
  </GameRecord>
  <GameRecord>
    <RecordID>1</RecordID>
    <Result>Defused</Result>
    <Seed>1489960286</Seed>
    <Components>
      <ComponentTypeEnum>Timer</ComponentTypeEnum>
      <ComponentTypeEnum>BigButton</ComponentTypeEnum>
      <ComponentTypeEnum>Wires</ComponentTypeEnum>
      <ComponentTypeEnum>Keypad</ComponentTypeEnum>
    </Components>
    <MissionID>firsttime</MissionID>
    <ModuleSolveCount>3</ModuleSolveCount>
    <TimeElapsed>106.386</TimeElapsed>
    <LeaderboardRank>0</LeaderboardRank>
    <RealTimeElapsed>114.421265</RealTimeElapsed>
    <Strikes>
      <StrikeSource xsi:nil="true" />
      <StrikeSource xsi:nil="true" />
      <StrikeSource xsi:nil="true" />
    </Strikes>
  </GameRecord>
</ArrayOfGameRecord>